<annotation>
	<folder>9-split</folder>
	<filename>1011542.jpg</filename>
	<path>D:\研究生\图片标记\twitter2015\img_split_11\9-split\1011542.jpg</path>
	<source>
		<database>Unknown</database>
	</source>
	<size>
		<width>600</width>
		<height>321</height>
		<depth>3</depth>
	</size>
	<segmented>0</segmented>
	<object>
		<name>Prada</name>
		<pose>Unspecified</pose>
		<truncated>0</truncated>
		<difficult>0</difficult>
		<bndbox>
			<xmin>81</xmin>
			<ymin>200</ymin>
			<xmax>101</xmax>
			<ymax>214</ymax>
		</bndbox>
	</object>
	<object>
		<name>Prada</name>
		<pose>Unspecified</pose>
		<truncated>0</truncated>
		<difficult>0</difficult>
		<bndbox>
			<xmin>228</xmin>
			<ymin>227</ymin>
			<xmax>246</xmax>
			<ymax>237</ymax>
		</bndbox>
	</object>
	<object>
		<name>Prada</name>
		<pose>Unspecified</pose>
		<truncated>0</truncated>
		<difficult>0</difficult>
		<bndbox>
			<xmin>377</xmin>
			<ymin>205</ymin>
			<xmax>394</xmax>
			<ymax>216</ymax>
		</bndbox>
	</object>
	<object>
		<name>Google</name>
		<pose>Unspecified</pose>
		<truncated>0</truncated>
		<difficult>0</difficult>
		<bndbox>
			<xmin>12</xmin>
			<ymin>20</ymin>
			<xmax>94</xmax>
			<ymax>51</ymax>
		</bndbox>
	</object>
	<object>
		<name>Jaya Prada</name>
		<pose>Unspecified</pose>
		<truncated>0</truncated>
		<difficult>0</difficult>
		<bndbox>
			<xmin>461</xmin>
			<ymin>163</ymin>
			<xmax>562</xmax>
			<ymax>284</ymax>
		</bndbox>
	</object>
</annotation>
