<annotation>
	<folder>9-split</folder>
	<filename>1014188.jpg</filename>
	<path>D:\研究生\图片标记\twitter2015\img_split_11\9-split\1014188.jpg</path>
	<source>
		<database>Unknown</database>
	</source>
	<size>
		<width>600</width>
		<height>600</height>
		<depth>3</depth>
	</size>
	<segmented>0</segmented>
	<object>
		<name>Craig Sager</name>
		<pose>Unspecified</pose>
		<truncated>0</truncated>
		<difficult>0</difficult>
		<bndbox>
			<xmin>94</xmin>
			<ymin>24</ymin>
			<xmax>206</xmax>
			<ymax>203</ymax>
		</bndbox>
	</object>
	<object>
		<name>Craig Sager</name>
		<pose>Unspecified</pose>
		<truncated>0</truncated>
		<difficult>0</difficult>
		<bndbox>
			<xmin>252</xmin>
			<ymin>49</ymin>
			<xmax>387</xmax>
			<ymax>202</ymax>
		</bndbox>
	</object>
	<object>
		<name>Craig Sager</name>
		<pose>Unspecified</pose>
		<truncated>0</truncated>
		<difficult>0</difficult>
		<bndbox>
			<xmin>208</xmin>
			<ymin>144</ymin>
			<xmax>390</xmax>
			<ymax>339</ymax>
		</bndbox>
	</object>
	<object>
		<name>Craig Sager</name>
		<pose>Unspecified</pose>
		<truncated>0</truncated>
		<difficult>0</difficult>
		<bndbox>
			<xmin>73</xmin>
			<ymin>212</ymin>
			<xmax>150</xmax>
			<ymax>391</ymax>
		</bndbox>
	</object>
	<object>
		<name>Craig Sager</name>
		<pose>Unspecified</pose>
		<truncated>0</truncated>
		<difficult>0</difficult>
		<bndbox>
			<xmin>23</xmin>
			<ymin>403</ymin>
			<xmax>146</xmax>
			<ymax>580</ymax>
		</bndbox>
	</object>
	<object>
		<name>Craig Sager</name>
		<pose>Unspecified</pose>
		<truncated>0</truncated>
		<difficult>0</difficult>
		<bndbox>
			<xmin>210</xmin>
			<ymin>144</ymin>
			<xmax>391</xmax>
			<ymax>338</ymax>
		</bndbox>
	</object>
	<object>
		<name>Craig Sager</name>
		<pose>Unspecified</pose>
		<truncated>0</truncated>
		<difficult>0</difficult>
		<bndbox>
			<xmin>395</xmin>
			<ymin>230</ymin>
			<xmax>515</xmax>
			<ymax>344</ymax>
		</bndbox>
	</object>
	<object>
		<name>Craig Sager</name>
		<pose>Unspecified</pose>
		<truncated>0</truncated>
		<difficult>0</difficult>
		<bndbox>
			<xmin>408</xmin>
			<ymin>402</ymin>
			<xmax>557</xmax>
			<ymax>580</ymax>
		</bndbox>
	</object>
	<object>
		<name>Craig Sager</name>
		<pose>Unspecified</pose>
		<truncated>0</truncated>
		<difficult>0</difficult>
		<bndbox>
			<xmin>249</xmin>
			<ymin>424</ymin>
			<xmax>356</xmax>
			<ymax>578</ymax>
		</bndbox>
	</object>
	<object>
		<name>Craig Sager</name>
		<pose>Unspecified</pose>
		<truncated>0</truncated>
		<difficult>0</difficult>
		<bndbox>
			<xmin>470</xmin>
			<ymin>31</ymin>
			<xmax>575</xmax>
			<ymax>202</ymax>
		</bndbox>
	</object>
</annotation>
