<annotation>
	<folder>2-split</folder>
	<filename>1015281.jpg</filename>
	<path>D:\Desktop\Document\Postgraduate\NUSTM\数据标注\twitter2015_1114_3\img_split_3\2-split\1015281.jpg</path>
	<source>
		<database>Unknown</database>
	</source>
	<size>
		<width>600</width>
		<height>409</height>
		<depth>3</depth>
	</size>
	<segmented>0</segmented>
	<object>
		<name>The Chicago Cubs</name>
		<pose>Unspecified</pose>
		<truncated>1</truncated>
		<difficult>0</difficult>
		<bndbox>
			<xmin>1</xmin>
			<ymin>1</ymin>
			<xmax>256</xmax>
			<ymax>308</ymax>
		</bndbox>
	</object>
	<object>
		<name>David Price</name>
		<pose>Unspecified</pose>
		<truncated>0</truncated>
		<difficult>0</difficult>
		<bndbox>
			<xmin>93</xmin>
			<ymin>21</ymin>
			<xmax>527</xmax>
			<ymax>403</ymax>
		</bndbox>
	</object>
	<object>
		<name>Chicago</name>
		<pose>Unspecified</pose>
		<truncated>1</truncated>
		<difficult>0</difficult>
		<bndbox>
			<xmin>1</xmin>
			<ymin>1</ymin>
			<xmax>256</xmax>
			<ymax>309</ymax>
		</bndbox>
	</object>
	<object>
		<name>Cubs</name>
		<pose>Unspecified</pose>
		<truncated>1</truncated>
		<difficult>0</difficult>
		<bndbox>
			<xmin>1</xmin>
			<ymin>1</ymin>
			<xmax>258</xmax>
			<ymax>307</ymax>
		</bndbox>
	</object>
</annotation>
