<annotation>
	<folder>9-split</folder>
	<filename>1022981.jpg</filename>
	<path>D:\研究生\图片标记\twitter2015\img_split_11\9-split\1022981.jpg</path>
	<source>
		<database>Unknown</database>
	</source>
	<size>
		<width>600</width>
		<height>406</height>
		<depth>3</depth>
	</size>
	<segmented>0</segmented>
	<object>
		<name>Cheryl Strayed</name>
		<pose>Unspecified</pose>
		<truncated>1</truncated>
		<difficult>0</difficult>
		<bndbox>
			<xmin>351</xmin>
			<ymin>54</ymin>
			<xmax>600</xmax>
			<ymax>406</ymax>
		</bndbox>
	</object>
</annotation>
