<annotation>
	<folder>1-split</folder>
	<filename>10241.jpg</filename>
	<path>C:\Users\lenovo\Documents\【001】准研\work\dataset\Twitter2015\img_split_11\1-split\10241.jpg</path>
	<source>
		<database>Unknown</database>
	</source>
	<size>
		<width>598</width>
		<height>349</height>
		<depth>3</depth>
	</size>
	<segmented>0</segmented>
	<object>
		<name>Justin Timberlake</name>
		<pose>Unspecified</pose>
		<truncated>1</truncated>
		<difficult>0</difficult>
		<bndbox>
			<xmin>20</xmin>
			<ymin>54</ymin>
			<xmax>276</xmax>
			<ymax>349</ymax>
		</bndbox>
	</object>
	<object>
		<name>Ryan Gosling</name>
		<pose>Unspecified</pose>
		<truncated>1</truncated>
		<difficult>0</difficult>
		<bndbox>
			<xmin>256</xmin>
			<ymin>90</ymin>
			<xmax>538</xmax>
			<ymax>349</ymax>
		</bndbox>
	</object>
</annotation>
