<annotation>
	<folder>9-split</folder>
	<filename>1027807.jpg</filename>
	<path>D:\研究生\图片标记\twitter2015\img_split_11\9-split\1027807.jpg</path>
	<source>
		<database>Unknown</database>
	</source>
	<size>
		<width>600</width>
		<height>338</height>
		<depth>3</depth>
	</size>
	<segmented>0</segmented>
	<object>
		<name>Wolverine</name>
		<pose>Unspecified</pose>
		<truncated>0</truncated>
		<difficult>0</difficult>
		<bndbox>
			<xmin>14</xmin>
			<ymin>23</ymin>
			<xmax>158</xmax>
			<ymax>259</ymax>
		</bndbox>
	</object>
	<object>
		<name>Wolverine</name>
		<pose>Unspecified</pose>
		<truncated>0</truncated>
		<difficult>0</difficult>
		<bndbox>
			<xmin>202</xmin>
			<ymin>111</ymin>
			<xmax>398</xmax>
			<ymax>318</ymax>
		</bndbox>
	</object>
	<object>
		<name>Wolverine</name>
		<pose>Unspecified</pose>
		<truncated>0</truncated>
		<difficult>0</difficult>
		<bndbox>
			<xmin>395</xmin>
			<ymin>40</ymin>
			<xmax>591</xmax>
			<ymax>274</ymax>
		</bndbox>
	</object>
</annotation>
