<annotation>
	<folder>4-split</folder>
	<filename>1030758.jpg</filename>
	<path>C:\Users\lenovo\Documents\work\dataset\twitter2015_1114_4\img_split_4\4-split\1030758.jpg</path>
	<source>
		<database>Unknown</database>
	</source>
	<size>
		<width>353</width>
		<height>541</height>
		<depth>3</depth>
	</size>
	<segmented>0</segmented>
	<object>
		<name>Brandon Silva</name>
		<pose>Unspecified</pose>
		<truncated>1</truncated>
		<difficult>0</difficult>
		<bndbox>
			<xmin>119</xmin>
			<ymin>3</ymin>
			<xmax>353</xmax>
			<ymax>339</ymax>
		</bndbox>
	</object>
</annotation>
