<annotation>
	<folder>9-split</folder>
	<filename>1040080.jpg</filename>
	<path>D:\研究生\图片标记\twitter2015\img_split_11\9-split\1040080.jpg</path>
	<source>
		<database>Unknown</database>
	</source>
	<size>
		<width>500</width>
		<height>280</height>
		<depth>3</depth>
	</size>
	<segmented>0</segmented>
	<object>
		<name>Joseline Hernandez</name>
		<pose>Unspecified</pose>
		<truncated>1</truncated>
		<difficult>0</difficult>
		<bndbox>
			<xmin>38</xmin>
			<ymin>10</ymin>
			<xmax>289</xmax>
			<ymax>280</ymax>
		</bndbox>
	</object>
</annotation>
