<annotation>
	<folder>9-split</folder>
	<filename>1044555.jpg</filename>
	<path>D:\研究生\图片标记\twitter2015\img_split_11\9-split\1044555.jpg</path>
	<source>
		<database>Unknown</database>
	</source>
	<size>
		<width>600</width>
		<height>450</height>
		<depth>3</depth>
	</size>
	<segmented>0</segmented>
	<object>
		<name>Tick</name>
		<pose>Unspecified</pose>
		<truncated>0</truncated>
		<difficult>0</difficult>
		<bndbox>
			<xmin>284</xmin>
			<ymin>80</ymin>
			<xmax>462</xmax>
			<ymax>393</ymax>
		</bndbox>
	</object>
	<object>
		<name>Tie</name>
		<pose>Unspecified</pose>
		<truncated>0</truncated>
		<difficult>0</difficult>
		<bndbox>
			<xmin>97</xmin>
			<ymin>69</ymin>
			<xmax>285</xmax>
			<ymax>389</ymax>
		</bndbox>
	</object>
</annotation>
