<annotation>
	<folder>9-split</folder>
	<filename>1046234.jpg</filename>
	<path>D:\研究生\图片标记\twitter2015\img_split_11\9-split\1046234.jpg</path>
	<source>
		<database>Unknown</database>
	</source>
	<size>
		<width>600</width>
		<height>375</height>
		<depth>3</depth>
	</size>
	<segmented>0</segmented>
	<object>
		<name>Steelers Rolls Royce</name>
		<pose>Unspecified</pose>
		<truncated>0</truncated>
		<difficult>0</difficult>
		<bndbox>
			<xmin>117</xmin>
			<ymin>128</ymin>
			<xmax>542</xmax>
			<ymax>299</ymax>
		</bndbox>
	</object>
</annotation>
