<annotation>
	<folder>9-split</folder>
	<filename>1058383.jpg</filename>
	<path>D:\研究生\图片标记\twitter2015\img_split_11\9-split\1058383.jpg</path>
	<source>
		<database>Unknown</database>
	</source>
	<size>
		<width>557</width>
		<height>336</height>
		<depth>3</depth>
	</size>
	<segmented>0</segmented>
	<object>
		<name>ZICO</name>
		<pose>Unspecified</pose>
		<truncated>0</truncated>
		<difficult>0</difficult>
		<bndbox>
			<xmin>351</xmin>
			<ymin>2</ymin>
			<xmax>486</xmax>
			<ymax>331</ymax>
		</bndbox>
	</object>
	<object>
		<name>JANI-KING</name>
		<pose>Unspecified</pose>
		<truncated>0</truncated>
		<difficult>0</difficult>
		<bndbox>
			<xmin>423</xmin>
			<ymin>75</ymin>
			<xmax>444</xmax>
			<ymax>103</ymax>
		</bndbox>
	</object>
</annotation>
