<annotation>
	<folder>9-split</folder>
	<filename>1072813.jpg</filename>
	<path>D:\研究生\图片标记\twitter2015\img_split_11\9-split\1072813.jpg</path>
	<source>
		<database>Unknown</database>
	</source>
	<size>
		<width>599</width>
		<height>337</height>
		<depth>3</depth>
	</size>
	<segmented>0</segmented>
	<object>
		<name>Oscar Guardiola-Rivera</name>
		<pose>Unspecified</pose>
		<truncated>1</truncated>
		<difficult>0</difficult>
		<bndbox>
			<xmin>142</xmin>
			<ymin>31</ymin>
			<xmax>485</xmax>
			<ymax>337</ymax>
		</bndbox>
	</object>
</annotation>
