<annotation>
	<folder>9-split</folder>
	<filename>1086011.jpg</filename>
	<path>D:\研究生\图片标记\twitter2015\img_split_11\9-split\1086011.jpg</path>
	<source>
		<database>Unknown</database>
	</source>
	<size>
		<width>225</width>
		<height>300</height>
		<depth>3</depth>
	</size>
	<segmented>0</segmented>
	<object>
		<name>International Plastics News</name>
		<pose>Unspecified</pose>
		<truncated>1</truncated>
		<difficult>0</difficult>
		<bndbox>
			<xmin>4</xmin>
			<ymin>1</ymin>
			<xmax>219</xmax>
			<ymax>67</ymax>
		</bndbox>
	</object>
</annotation>
