<annotation>
	<folder>2-split</folder>
	<filename>108876.jpg</filename>
	<path>D:\研究生\图片标记\twitter2015_1114_4\img_split_4\2-split\108876.jpg</path>
	<source>
		<database>Unknown</database>
	</source>
	<size>
		<width>600</width>
		<height>800</height>
		<depth>3</depth>
	</size>
	<segmented>0</segmented>
	<object>
		<name>Tom De Nies</name>
		<pose>Unspecified</pose>
		<truncated>0</truncated>
		<difficult>0</difficult>
		<bndbox>
			<xmin>56</xmin>
			<ymin>306</ymin>
			<xmax>197</xmax>
			<ymax>508</ymax>
		</bndbox>
	</object>
</annotation>
