<annotation>
	<folder>9-split</folder>
	<filename>1089479.jpg</filename>
	<path>D:\研究生\图片标记\twitter2015\img_split_11\9-split\1089479.jpg</path>
	<source>
		<database>Unknown</database>
	</source>
	<size>
		<width>600</width>
		<height>450</height>
		<depth>3</depth>
	</size>
	<segmented>0</segmented>
	<object>
		<name>Jega</name>
		<pose>Unspecified</pose>
		<truncated>0</truncated>
		<difficult>0</difficult>
		<bndbox>
			<xmin>265</xmin>
			<ymin>135</ymin>
			<xmax>320</xmax>
			<ymax>186</ymax>
		</bndbox>
	</object>
</annotation>
