<annotation>
	<folder>1-split</folder>
	<filename>110829.jpg</filename>
	<path>D:\Desktop\Document\Postgraduate\NUSTM\数据标注\twitter2015_1114_3\img_split_3\1-split\110829.jpg</path>
	<source>
		<database>Unknown</database>
	</source>
	<size>
		<width>600</width>
		<height>300</height>
		<depth>3</depth>
	</size>
	<segmented>0</segmented>
	<object>
		<name>EMC</name>
		<pose>Unspecified</pose>
		<truncated>0</truncated>
		<difficult>0</difficult>
		<bndbox>
			<xmin>162</xmin>
			<ymin>245</ymin>
			<xmax>205</xmax>
			<ymax>262</ymax>
		</bndbox>
	</object>
	<object>
		<name>EMC</name>
		<pose>Unspecified</pose>
		<truncated>0</truncated>
		<difficult>0</difficult>
		<bndbox>
			<xmin>120</xmin>
			<ymin>82</ymin>
			<xmax>137</xmax>
			<ymax>90</ymax>
		</bndbox>
	</object>
</annotation>
