<annotation>
	<folder>9-split</folder>
	<filename>1124470.jpg</filename>
	<path>D:\研究生\图片标记\twitter2015\img_split_11\9-split\1124470.jpg</path>
	<source>
		<database>Unknown</database>
	</source>
	<size>
		<width>600</width>
		<height>900</height>
		<depth>3</depth>
	</size>
	<segmented>0</segmented>
	<object>
		<name>Angelina Jolie</name>
		<pose>Unspecified</pose>
		<truncated>1</truncated>
		<difficult>0</difficult>
		<bndbox>
			<xmin>47</xmin>
			<ymin>21</ymin>
			<xmax>543</xmax>
			<ymax>900</ymax>
		</bndbox>
	</object>
</annotation>
