<annotation>
	<folder>10-split</folder>
	<filename>1135581.jpg</filename>
	<path>D:\研究生\图片标记\twitter2015\img_split_11\10-split\1135581.jpg</path>
	<source>
		<database>Unknown</database>
	</source>
	<size>
		<width>360</width>
		<height>360</height>
		<depth>3</depth>
	</size>
	<segmented>0</segmented>
	<object>
		<name>Rick Santorum</name>
		<pose>Unspecified</pose>
		<truncated>0</truncated>
		<difficult>0</difficult>
		<bndbox>
			<xmin>26</xmin>
			<ymin>30</ymin>
			<xmax>300</xmax>
			<ymax>329</ymax>
		</bndbox>
	</object>
</annotation>
