<annotation>
	<folder>4-split</folder>
	<filename>1140731.jpg</filename>
	<path>C:\Users\lenovo\Documents\work\dataset\twitter2015_1114_4\img_split_4\4-split\1140731.jpg</path>
	<source>
		<database>Unknown</database>
	</source>
	<size>
		<width>600</width>
		<height>450</height>
		<depth>3</depth>
	</size>
	<segmented>0</segmented>
	<object>
		<name>CARTER G . WOODSON</name>
		<pose>Unspecified</pose>
		<truncated>1</truncated>
		<difficult>0</difficult>
		<bndbox>
			<xmin>279</xmin>
			<ymin>2</ymin>
			<xmax>600</xmax>
			<ymax>450</ymax>
		</bndbox>
	</object>
</annotation>
