<annotation>
	<folder>1-split</folder>
	<filename>116283.jpg</filename>
	<path>D:\Desktop\Document\Postgraduate\NUSTM\数据标注\twitter2015_1114_3\img_split_3\1-split\116283.jpg</path>
	<source>
		<database>Unknown</database>
	</source>
	<size>
		<width>594</width>
		<height>409</height>
		<depth>3</depth>
	</size>
	<segmented>0</segmented>
	<object>
		<name>UCLA</name>
		<pose>Unspecified</pose>
		<truncated>0</truncated>
		<difficult>0</difficult>
		<bndbox>
			<xmin>337</xmin>
			<ymin>109</ymin>
			<xmax>367</xmax>
			<ymax>132</ymax>
		</bndbox>
	</object>
	<object>
		<name>UCLA</name>
		<pose>Unspecified</pose>
		<truncated>0</truncated>
		<difficult>0</difficult>
		<bndbox>
			<xmin>249</xmin>
			<ymin>194</ymin>
			<xmax>276</xmax>
			<ymax>214</ymax>
		</bndbox>
	</object>
	<object>
		<name>UCLA</name>
		<pose>Unspecified</pose>
		<truncated>0</truncated>
		<difficult>0</difficult>
		<bndbox>
			<xmin>95</xmin>
			<ymin>219</ymin>
			<xmax>112</xmax>
			<ymax>242</ymax>
		</bndbox>
	</object>
	<object>
		<name>UCLA</name>
		<pose>Unspecified</pose>
		<truncated>0</truncated>
		<difficult>0</difficult>
		<bndbox>
			<xmin>115</xmin>
			<ymin>266</ymin>
			<xmax>138</xmax>
			<ymax>287</ymax>
		</bndbox>
	</object>
	<object>
		<name>UCLA</name>
		<pose>Unspecified</pose>
		<truncated>0</truncated>
		<difficult>0</difficult>
		<bndbox>
			<xmin>188</xmin>
			<ymin>218</ymin>
			<xmax>209</xmax>
			<ymax>230</ymax>
		</bndbox>
	</object>
	<object>
		<name>UCLA</name>
		<pose>Unspecified</pose>
		<truncated>0</truncated>
		<difficult>0</difficult>
		<bndbox>
			<xmin>293</xmin>
			<ymin>259</ymin>
			<xmax>318</xmax>
			<ymax>278</ymax>
		</bndbox>
	</object>
	<object>
		<name>UCLA</name>
		<pose>Unspecified</pose>
		<truncated>0</truncated>
		<difficult>0</difficult>
		<bndbox>
			<xmin>324</xmin>
			<ymin>170</ymin>
			<xmax>335</xmax>
			<ymax>178</ymax>
		</bndbox>
	</object>
	<object>
		<name>SMU</name>
		<pose>Unspecified</pose>
		<truncated>0</truncated>
		<difficult>0</difficult>
		<bndbox>
			<xmin>484</xmin>
			<ymin>215</ymin>
			<xmax>499</xmax>
			<ymax>227</ymax>
		</bndbox>
	</object>
</annotation>
