<annotation>
	<folder>1-split</folder>
	<filename>12330.jpg</filename>
	<path>D:\研究生\图片标记\twitter2015_1114_4\img_split_4\1-split\12330.jpg</path>
	<source>
		<database>Unknown</database>
	</source>
	<size>
		<width>600</width>
		<height>589</height>
		<depth>3</depth>
	</size>
	<segmented>0</segmented>
	<object>
		<name>ISiL</name>
		<pose>Unspecified</pose>
		<truncated>0</truncated>
		<difficult>0</difficult>
		<bndbox>
			<xmin>62</xmin>
			<ymin>13</ymin>
			<xmax>292</xmax>
			<ymax>191</ymax>
		</bndbox>
	</object>
</annotation>
