<annotation>
	<folder>2-split</folder>
	<filename>127300.jpg</filename>
	<path>D:\研究生\图片标记\twitter2015_1114_4\img_split_4\2-split\127300.jpg</path>
	<source>
		<database>Unknown</database>
	</source>
	<size>
		<width>600</width>
		<height>901</height>
		<depth>3</depth>
	</size>
	<segmented>0</segmented>
	<object>
		<name>Ezra</name>
		<pose>Unspecified</pose>
		<truncated>0</truncated>
		<difficult>0</difficult>
		<bndbox>
			<xmin>78</xmin>
			<ymin>84</ymin>
			<xmax>320</xmax>
			<ymax>794</ymax>
		</bndbox>
	</object>
</annotation>
