<annotation>
	<folder>5-split</folder>
	<filename>127671.jpg</filename>
	<path>C:\Users\lenovo\Documents\【001】准研\work\dataset\Twitter2015\img_split_11\5-split\127671.jpg</path>
	<source>
		<database>Unknown</database>
	</source>
	<size>
		<width>599</width>
		<height>802</height>
		<depth>3</depth>
	</size>
	<segmented>0</segmented>
	<object>
		<name>Nadal</name>
		<pose>Unspecified</pose>
		<truncated>0</truncated>
		<difficult>0</difficult>
		<bndbox>
			<xmin>208</xmin>
			<ymin>181</ymin>
			<xmax>424</xmax>
			<ymax>738</ymax>
		</bndbox>
	</object>
</annotation>
