<annotation>
	<folder>10-split</folder>
	<filename>1285562.jpg</filename>
	<path>D:\研究生\图片标记\twitter2015\img_split_11\10-split\1285562.jpg</path>
	<source>
		<database>Unknown</database>
	</source>
	<size>
		<width>599</width>
		<height>750</height>
		<depth>3</depth>
	</size>
	<segmented>0</segmented>
	<object>
		<name>Little Romo</name>
		<pose>Unspecified</pose>
		<truncated>1</truncated>
		<difficult>0</difficult>
		<bndbox>
			<xmin>128</xmin>
			<ymin>85</ymin>
			<xmax>451</xmax>
			<ymax>750</ymax>
		</bndbox>
	</object>
</annotation>
