<annotation>
	<folder>10-split</folder>
	<filename>1288091.jpg</filename>
	<path>D:\研究生\图片标记\twitter2015\img_split_11\10-split\1288091.jpg</path>
	<source>
		<database>Unknown</database>
	</source>
	<size>
		<width>600</width>
		<height>900</height>
		<depth>3</depth>
	</size>
	<segmented>0</segmented>
	<object>
		<name>Kim kardashian</name>
		<pose>Unspecified</pose>
		<truncated>0</truncated>
		<difficult>0</difficult>
		<bndbox>
			<xmin>39</xmin>
			<ymin>159</ymin>
			<xmax>263</xmax>
			<ymax>727</ymax>
		</bndbox>
	</object>
	<object>
		<name>Kim kardashian</name>
		<pose>Unspecified</pose>
		<truncated>0</truncated>
		<difficult>0</difficult>
		<bndbox>
			<xmin>305</xmin>
			<ymin>159</ymin>
			<xmax>588</xmax>
			<ymax>729</ymax>
		</bndbox>
	</object>
</annotation>
