<annotation>
	<folder>10-split</folder>
	<filename>1295228.jpg</filename>
	<path>D:\研究生\图片标记\twitter2015\img_split_11\10-split\1295228.jpg</path>
	<source>
		<database>Unknown</database>
	</source>
	<size>
		<width>600</width>
		<height>592</height>
		<depth>3</depth>
	</size>
	<segmented>0</segmented>
	<object>
		<name>Bearski</name>
		<pose>Unspecified</pose>
		<truncated>0</truncated>
		<difficult>0</difficult>
		<bndbox>
			<xmin>125</xmin>
			<ymin>50</ymin>
			<xmax>402</xmax>
			<ymax>493</ymax>
		</bndbox>
	</object>
</annotation>
