<annotation>
	<folder>2-split</folder>
	<filename>130906.jpg</filename>
	<path>D:\研究生\图片标记\twitter2015_1114_4\img_split_4\2-split\130906.jpg</path>
	<source>
		<database>Unknown</database>
	</source>
	<size>
		<width>599</width>
		<height>596</height>
		<depth>3</depth>
	</size>
	<segmented>0</segmented>
	<object>
		<name>Trayvon Martin</name>
		<pose>Unspecified</pose>
		<truncated>1</truncated>
		<difficult>0</difficult>
		<bndbox>
			<xmin>1</xmin>
			<ymin>51</ymin>
			<xmax>159</xmax>
			<ymax>378</ymax>
		</bndbox>
	</object>
	<object>
		<name>Trayvon Martin</name>
		<pose>Unspecified</pose>
		<truncated>1</truncated>
		<difficult>0</difficult>
		<bndbox>
			<xmin>156</xmin>
			<ymin>412</ymin>
			<xmax>296</xmax>
			<ymax>596</ymax>
		</bndbox>
	</object>
	<object>
		<name>Trayvon Martin</name>
		<pose>Unspecified</pose>
		<truncated>1</truncated>
		<difficult>0</difficult>
		<bndbox>
			<xmin>309</xmin>
			<ymin>1</ymin>
			<xmax>451</xmax>
			<ymax>189</ymax>
		</bndbox>
	</object>
</annotation>
