<annotation>
	<folder>10-split</folder>
	<filename>1348499.jpg</filename>
	<path>D:\研究生\图片标记\twitter2015\img_split_11\10-split\1348499.jpg</path>
	<source>
		<database>Unknown</database>
	</source>
	<size>
		<width>600</width>
		<height>338</height>
		<depth>3</depth>
	</size>
	<segmented>0</segmented>
	<object>
		<name>Riyad Mahrez</name>
		<pose>Unspecified</pose>
		<truncated>1</truncated>
		<difficult>0</difficult>
		<bndbox>
			<xmin>131</xmin>
			<ymin>14</ymin>
			<xmax>523</xmax>
			<ymax>338</ymax>
		</bndbox>
	</object>
</annotation>
