<annotation>
	<folder>10-split</folder>
	<filename>1350772.jpg</filename>
	<path>D:\研究生\图片标记\twitter2015\img_split_11\10-split\1350772.jpg</path>
	<source>
		<database>Unknown</database>
	</source>
	<size>
		<width>600</width>
		<height>842</height>
		<depth>3</depth>
	</size>
	<segmented>0</segmented>
	<object>
		<name>Peter Griffin</name>
		<pose>Unspecified</pose>
		<truncated>0</truncated>
		<difficult>0</difficult>
		<bndbox>
			<xmin>267</xmin>
			<ymin>106</ymin>
			<xmax>455</xmax>
			<ymax>384</ymax>
		</bndbox>
	</object>
</annotation>
