<annotation>
	<folder>10-split</folder>
	<filename>1374968.jpg</filename>
	<path>D:\研究生\图片标记\twitter2015\img_split_11\10-split\1374968.jpg</path>
	<source>
		<database>Unknown</database>
	</source>
	<size>
		<width>220</width>
		<height>329</height>
		<depth>3</depth>
	</size>
	<segmented>0</segmented>
	<object>
		<name>Brickabrack Hall</name>
		<pose>Unspecified</pose>
		<truncated>1</truncated>
		<difficult>0</difficult>
		<bndbox>
			<xmin>2</xmin>
			<ymin>1</ymin>
			<xmax>219</xmax>
			<ymax>328</ymax>
		</bndbox>
	</object>
</annotation>
