<annotation>
	<folder>10-split</folder>
	<filename>1375644.jpg</filename>
	<path>D:\研究生\图片标记\twitter2015\img_split_11\10-split\1375644.jpg</path>
	<source>
		<database>Unknown</database>
	</source>
	<size>
		<width>182</width>
		<height>276</height>
		<depth>3</depth>
	</size>
	<segmented>0</segmented>
	<object>
		<name>Jarrett J . Kroscozka</name>
		<pose>Unspecified</pose>
		<truncated>0</truncated>
		<difficult>0</difficult>
		<bndbox>
			<xmin>54</xmin>
			<ymin>8</ymin>
			<xmax>143</xmax>
			<ymax>16</ymax>
		</bndbox>
	</object>
</annotation>
