<annotation>
	<folder>1-split</folder>
	<filename>13826.jpg</filename>
	<path>C:\Users\lenovo\Documents\【001】准研\work\dataset\Twitter2015\img_split_11\1-split\13826.jpg</path>
	<source>
		<database>Unknown</database>
	</source>
	<size>
		<width>600</width>
		<height>600</height>
		<depth>3</depth>
	</size>
	<segmented>0</segmented>
	<object>
		<name>Lucy Hale</name>
		<pose>Unspecified</pose>
		<truncated>0</truncated>
		<difficult>0</difficult>
		<bndbox>
			<xmin>12</xmin>
			<ymin>27</ymin>
			<xmax>243</xmax>
			<ymax>590</ymax>
		</bndbox>
	</object>
	<object>
		<name>Lucy Hale</name>
		<pose>Unspecified</pose>
		<truncated>0</truncated>
		<difficult>0</difficult>
		<bndbox>
			<xmin>370</xmin>
			<ymin>46</ymin>
			<xmax>525</xmax>
			<ymax>584</ymax>
		</bndbox>
	</object>
</annotation>
