<annotation>
	<folder>4-split</folder>
	<filename>1398525.jpg</filename>
	<path>C:\Users\lenovo\Documents\work\dataset\twitter2015_1114_4\img_split_4\4-split\1398525.jpg</path>
	<source>
		<database>Unknown</database>
	</source>
	<size>
		<width>600</width>
		<height>337</height>
		<depth>3</depth>
	</size>
	<segmented>0</segmented>
	<object>
		<name>Nick Cannon</name>
		<pose>Unspecified</pose>
		<truncated>1</truncated>
		<difficult>0</difficult>
		<bndbox>
			<xmin>153</xmin>
			<ymin>49</ymin>
			<xmax>241</xmax>
			<ymax>337</ymax>
		</bndbox>
	</object>
	<object>
		<name>DC Young Fly</name>
		<pose>Unspecified</pose>
		<truncated>1</truncated>
		<difficult>0</difficult>
		<bndbox>
			<xmin>312</xmin>
			<ymin>56</ymin>
			<xmax>431</xmax>
			<ymax>337</ymax>
		</bndbox>
	</object>
	<object>
		<name>WildNOutMoments</name>
		<pose>Unspecified</pose>
		<truncated>0</truncated>
		<difficult>0</difficult>
		<bndbox>
			<xmin>271</xmin>
			<ymin>262</ymin>
			<xmax>331</xmax>
			<ymax>317</ymax>
		</bndbox>
	</object>
</annotation>
