<annotation>
	<folder>10-split</folder>
	<filename>1470375.jpg</filename>
	<path>D:\研究生\图片标记\twitter2015\img_split_11\10-split\1470375.jpg</path>
	<source>
		<database>Unknown</database>
	</source>
	<size>
		<width>600</width>
		<height>800</height>
		<depth>3</depth>
	</size>
	<segmented>0</segmented>
	<object>
		<name>Schwarzee Lake</name>
		<pose>Unspecified</pose>
		<truncated>1</truncated>
		<difficult>0</difficult>
		<bndbox>
			<xmin>3</xmin>
			<ymin>325</ymin>
			<xmax>598</xmax>
			<ymax>800</ymax>
		</bndbox>
	</object>
</annotation>
