<annotation>
	<folder>10-split</folder>
	<filename>1471685.jpg</filename>
	<path>D:\研究生\图片标记\twitter2015\img_split_11\10-split\1471685.jpg</path>
	<source>
		<database>Unknown</database>
	</source>
	<size>
		<width>480</width>
		<height>270</height>
		<depth>3</depth>
	</size>
	<segmented>0</segmented>
	<object>
		<name>Joe Mauer</name>
		<pose>Unspecified</pose>
		<truncated>0</truncated>
		<difficult>0</difficult>
		<bndbox>
			<xmin>181</xmin>
			<ymin>24</ymin>
			<xmax>282</xmax>
			<ymax>217</ymax>
		</bndbox>
	</object>
</annotation>
