<annotation>
	<folder>3-split</folder>
	<filename>1478892.jpg</filename>
	<path>D:\Desktop\Document\Postgraduate\NUSTM\数据标注\twitter2015_1114_3\img_split_3\3-split\1478892.jpg</path>
	<source>
		<database>Unknown</database>
	</source>
	<size>
		<width>561</width>
		<height>341</height>
		<depth>3</depth>
	</size>
	<segmented>0</segmented>
	<object>
		<name>Tim Sherwood</name>
		<pose>Unspecified</pose>
		<truncated>0</truncated>
		<difficult>0</difficult>
		<bndbox>
			<xmin>383</xmin>
			<ymin>8</ymin>
			<xmax>518</xmax>
			<ymax>319</ymax>
		</bndbox>
	</object>
	<object>
		<name>THFC</name>
		<pose>Unspecified</pose>
		<truncated>0</truncated>
		<difficult>0</difficult>
		<bndbox>
			<xmin>251</xmin>
			<ymin>214</ymin>
			<xmax>304</xmax>
			<ymax>320</ymax>
		</bndbox>
	</object>
</annotation>
