<annotation>
	<folder>10-split</folder>
	<filename>1490725.jpg</filename>
	<path>D:\研究生\图片标记\twitter2015\img_split_11\10-split\1490725.jpg</path>
	<source>
		<database>Unknown</database>
	</source>
	<size>
		<width>600</width>
		<height>300</height>
		<depth>3</depth>
	</size>
	<segmented>0</segmented>
	<object>
		<name>President Obama</name>
		<pose>Unspecified</pose>
		<truncated>1</truncated>
		<difficult>0</difficult>
		<bndbox>
			<xmin>62</xmin>
			<ymin>28</ymin>
			<xmax>210</xmax>
			<ymax>300</ymax>
		</bndbox>
	</object>
</annotation>
