<annotation>
	<folder>5-split</folder>
	<filename>149223.jpg</filename>
	<path>C:\Users\lenovo\Documents\【001】准研\work\dataset\Twitter2015\img_split_11\5-split\149223.jpg</path>
	<source>
		<database>Unknown</database>
	</source>
	<size>
		<width>466</width>
		<height>612</height>
		<depth>3</depth>
	</size>
	<segmented>0</segmented>
	<object>
		<name>James Harden</name>
		<pose>Unspecified</pose>
		<truncated>0</truncated>
		<difficult>0</difficult>
		<bndbox>
			<xmin>162</xmin>
			<ymin>130</ymin>
			<xmax>302</xmax>
			<ymax>458</ymax>
		</bndbox>
	</object>
	<object>
		<name>Steph Curry</name>
		<pose>Unspecified</pose>
		<truncated>0</truncated>
		<difficult>0</difficult>
		<bndbox>
			<xmin>169</xmin>
			<ymin>24</ymin>
			<xmax>347</xmax>
			<ymax>373</ymax>
		</bndbox>
	</object>
</annotation>
