<annotation>
	<folder>1-split</folder>
	<filename>15113.jpg</filename>
	<path>C:\Users\lenovo\Documents\【001】准研\work\dataset\Twitter2015\img_split_11\1-split\15113.jpg</path>
	<source>
		<database>Unknown</database>
	</source>
	<size>
		<width>600</width>
		<height>800</height>
		<depth>3</depth>
	</size>
	<segmented>0</segmented>
	<object>
		<name>Mark Lattimer</name>
		<pose>Unspecified</pose>
		<truncated>1</truncated>
		<difficult>0</difficult>
		<bndbox>
			<xmin>1</xmin>
			<ymin>177</ymin>
			<xmax>224</xmax>
			<ymax>800</ymax>
		</bndbox>
	</object>
	<object>
		<name>Gay McDougall</name>
		<pose>Unspecified</pose>
		<truncated>1</truncated>
		<difficult>0</difficult>
		<bndbox>
			<xmin>217</xmin>
			<ymin>297</ymin>
			<xmax>434</xmax>
			<ymax>800</ymax>
		</bndbox>
	</object>
</annotation>
