<annotation>
	<folder>1-split</folder>
	<filename>15477.jpg</filename>
	<path>D:\研究生\图片标记\twitter2015_1114_4\img_split_4\1-split\15477.jpg</path>
	<source>
		<database>Unknown</database>
	</source>
	<size>
		<width>534</width>
		<height>578</height>
		<depth>3</depth>
	</size>
	<segmented>0</segmented>
	<object>
		<name>T-Mac</name>
		<pose>Unspecified</pose>
		<truncated>1</truncated>
		<difficult>0</difficult>
		<bndbox>
			<xmin>74</xmin>
			<ymin>39</ymin>
			<xmax>525</xmax>
			<ymax>578</ymax>
		</bndbox>
	</object>
</annotation>
