<annotation>
	<folder>train</folder>
	<filename>16_05_26_919_region.jpg</filename>
	<path>D:\PyCharm\BERT_NER\data\images\twitter2017_region\train\16_05_26_919_region.jpg</path>
	<source>
		<database>Unknown</database>
	</source>
	<size>
		<width>1024</width>
		<height>420</height>
		<depth>3</depth>
	</size>
	<segmented>0</segmented>
	<object>
		<name>Gay Men ' s Chorus</name>
		<pose>Unspecified</pose>
		<truncated>1</truncated>
		<difficult>0</difficult>
		<bndbox>
			<xmin>216</xmin>
			<ymin>33</ymin>
			<xmax>346</xmax>
			<ymax>420</ymax>
		</bndbox>
	</object>
	<object>
		<name>Gay Men ' s Chorus</name>
		<pose>Unspecified</pose>
		<truncated>1</truncated>
		<difficult>0</difficult>
		<bndbox>
			<xmin>316</xmin>
			<ymin>56</ymin>
			<xmax>474</xmax>
			<ymax>420</ymax>
		</bndbox>
	</object>
	<object>
		<name>Gay Men ' s Chorus</name>
		<pose>Unspecified</pose>
		<truncated>1</truncated>
		<difficult>0</difficult>
		<bndbox>
			<xmin>474</xmin>
			<ymin>127</ymin>
			<xmax>573</xmax>
			<ymax>420</ymax>
		</bndbox>
	</object>
	<object>
		<name>Gay Men ' s Chorus</name>
		<pose>Unspecified</pose>
		<truncated>0</truncated>
		<difficult>0</difficult>
		<bndbox>
			<xmin>567</xmin>
			<ymin>118</ymin>
			<xmax>667</xmax>
			<ymax>419</ymax>
		</bndbox>
	</object>
	<object>
		<name>Gay Men ' s Chorus</name>
		<pose>Unspecified</pose>
		<truncated>1</truncated>
		<difficult>0</difficult>
		<bndbox>
			<xmin>644</xmin>
			<ymin>127</ymin>
			<xmax>721</xmax>
			<ymax>420</ymax>
		</bndbox>
	</object>
	<object>
		<name>Gay Men ' s Chorus</name>
		<pose>Unspecified</pose>
		<truncated>1</truncated>
		<difficult>0</difficult>
		<bndbox>
			<xmin>740</xmin>
			<ymin>155</ymin>
			<xmax>825</xmax>
			<ymax>420</ymax>
		</bndbox>
	</object>
</annotation>
