<annotation>
	<folder>train</folder>
	<filename>16_05_10_853_region.jpg</filename>
	<path>D:\PyCharm\BERT_NER\data\images\twitter2017_region\train\16_05_10_853_region.jpg</path>
	<source>
		<database>Unknown</database>
	</source>
	<size>
		<width>960</width>
		<height>642</height>
		<depth>3</depth>
	</size>
	<segmented>0</segmented>
	<object>
		<name>Lucia Aliberti</name>
		<pose>Unspecified</pose>
		<truncated>0</truncated>
		<difficult>0</difficult>
		<bndbox>
			<xmin>714</xmin>
			<ymin>17</ymin>
			<xmax>887</xmax>
			<ymax>268</ymax>
		</bndbox>
	</object>
	<object>
		<name>Michael Schade</name>
		<pose>Unspecified</pose>
		<truncated>1</truncated>
		<difficult>0</difficult>
		<bndbox>
			<xmin>476</xmin>
			<ymin>1</ymin>
			<xmax>632</xmax>
			<ymax>195</ymax>
		</bndbox>
	</object>
	<object>
		<name>Gerard Wirth</name>
		<pose>Unspecified</pose>
		<truncated>1</truncated>
		<difficult>0</difficult>
		<bndbox>
			<xmin>151</xmin>
			<ymin>1</ymin>
			<xmax>400</xmax>
			<ymax>225</ymax>
		</bndbox>
	</object>
	<object>
		<name>Regine Sixt</name>
		<pose>Unspecified</pose>
		<truncated>0</truncated>
		<difficult>0</difficult>
		<bndbox>
			<xmin>547</xmin>
			<ymin>87</ymin>
			<xmax>766</xmax>
			<ymax>618</ymax>
		</bndbox>
	</object>
</annotation>
