<annotation>
	<folder>7-split</folder>
	<filename>16_05_05_914.jpg</filename>
	<path>D:\研究生\图片标记\twitter2017_split10\img_split_vinvl_10\7-split\16_05_05_914.jpg</path>
	<source>
		<database>Unknown</database>
	</source>
	<size>
		<width>1200</width>
		<height>1134</height>
		<depth>3</depth>
	</size>
	<segmented>0</segmented>
	<object>
		<name>Wood</name>
		<pose>Unspecified</pose>
		<truncated>0</truncated>
		<difficult>0</difficult>
		<bndbox>
			<xmin>61</xmin>
			<ymin>180</ymin>
			<xmax>1129</xmax>
			<ymax>668</ymax>
		</bndbox>
	</object>
</annotation>
