<annotation>
	<folder>dev</folder>
	<filename>16_05_07_568_region.jpg</filename>
	<path>D:\PyCharm\BERT_NER\data\images\twitter2017_region\dev\16_05_07_568_region.jpg</path>
	<source>
		<database>Unknown</database>
	</source>
	<size>
		<width>1024</width>
		<height>594</height>
		<depth>3</depth>
	</size>
	<segmented>0</segmented>
	<object>
		<name>Adele</name>
		<pose>Unspecified</pose>
		<truncated>0</truncated>
		<difficult>0</difficult>
		<bndbox>
			<xmin>128</xmin>
			<ymin>9</ymin>
			<xmax>433</xmax>
			<ymax>572</ymax>
		</bndbox>
	</object>
	<object>
		<name>Beyoncé</name>
		<pose>Unspecified</pose>
		<truncated>0</truncated>
		<difficult>0</difficult>
		<bndbox>
			<xmin>668</xmin>
			<ymin>30</ymin>
			<xmax>896</xmax>
			<ymax>537</ymax>
		</bndbox>
	</object>
</annotation>
