<annotation>
	<folder>train</folder>
	<filename>16_05_12_1205_region.jpg</filename>
	<path>D:\PyCharm\BERT_NER\data\images\twitter2017_region\train\16_05_12_1205_region.jpg</path>
	<source>
		<database>Unknown</database>
	</source>
	<size>
		<width>1200</width>
		<height>900</height>
		<depth>3</depth>
	</size>
	<segmented>0</segmented>
	<object>
		<name>Alexus Gash</name>
		<pose>Unspecified</pose>
		<truncated>0</truncated>
		<difficult>0</difficult>
		<bndbox>
			<xmin>316</xmin>
			<ymin>171</ymin>
			<xmax>684</xmax>
			<ymax>638</ymax>
		</bndbox>
	</object>
	<object>
		<name>Laramie County Community College</name>
		<pose>Unspecified</pose>
		<truncated>0</truncated>
		<difficult>0</difficult>
		<bndbox>
			<xmin>107</xmin>
			<ymin>529</ymin>
			<xmax>242</xmax>
			<ymax>624</ymax>
		</bndbox>
	</object>
</annotation>
