<annotation>
	<folder>6-split</folder>
	<filename>16_05_01_275.jpg</filename>
	<path>D:\研究生\图片标记\twitter2017_split10\img_split_vinvl_10\6-split\16_05_01_275.jpg</path>
	<source>
		<database>Unknown</database>
	</source>
	<size>
		<width>1125</width>
		<height>1125</height>
		<depth>3</depth>
	</size>
	<segmented>0</segmented>
	<object>
		<name>Sarah Park</name>
		<pose>Unspecified</pose>
		<truncated>0</truncated>
		<difficult>0</difficult>
		<bndbox>
			<xmin>200</xmin>
			<ymin>210</ymin>
			<xmax>341</xmax>
			<ymax>405</ymax>
		</bndbox>
	</object>
</annotation>
