<annotation>
	<folder>8-split</folder>
	<filename>16_05_30_395.jpg</filename>
	<path>D:\研究生\图片标记\twitter2017_split10\img_split_vinvl_10\8-split\16_05_30_395.jpg</path>
	<source>
		<database>Unknown</database>
	</source>
	<size>
		<width>1200</width>
		<height>627</height>
		<depth>3</depth>
	</size>
	<segmented>0</segmented>
	<object>
		<name>Gonzalo # Higuain</name>
		<pose>Unspecified</pose>
		<truncated>1</truncated>
		<difficult>0</difficult>
		<bndbox>
			<xmin>37</xmin>
			<ymin>47</ymin>
			<xmax>1158</xmax>
			<ymax>627</ymax>
		</bndbox>
	</object>
	<object>
		<name>Napoli</name>
		<pose>Unspecified</pose>
		<truncated>0</truncated>
		<difficult>0</difficult>
		<bndbox>
			<xmin>611</xmin>
			<ymin>238</ymin>
			<xmax>666</xmax>
			<ymax>286</ymax>
		</bndbox>
	</object>
</annotation>
