<annotation>
	<folder>5-split</folder>
	<filename>16_05_08_56.jpg</filename>
	<path>C:\Users\lenovo\Documents\【001】准研\work\dataset\Twitter2017\split10\img_split_vinvl_10\5-split\16_05_08_56.jpg</path>
	<source>
		<database>Unknown</database>
	</source>
	<size>
		<width>636</width>
		<height>382</height>
		<depth>3</depth>
	</size>
	<segmented>0</segmented>
	<object>
		<name>Luca Toni</name>
		<pose>Unspecified</pose>
		<truncated>1</truncated>
		<difficult>0</difficult>
		<bndbox>
			<xmin>159</xmin>
			<ymin>2</ymin>
			<xmax>529</xmax>
			<ymax>382</ymax>
		</bndbox>
	</object>
	<object>
		<name>Verona</name>
		<pose>Unspecified</pose>
		<truncated>0</truncated>
		<difficult>0</difficult>
		<bndbox>
			<xmin>347</xmin>
			<ymin>217</ymin>
			<xmax>382</xmax>
			<ymax>252</ymax>
		</bndbox>
	</object>
</annotation>
