<annotation>
	<folder>7-split</folder>
	<filename>16_05_06_960.jpg</filename>
	<path>D:\研究生\图片标记\twitter2017_split10\img_split_vinvl_10\7-split\16_05_06_960.jpg</path>
	<source>
		<database>Unknown</database>
	</source>
	<size>
		<width>310</width>
		<height>480</height>
		<depth>3</depth>
	</size>
	<segmented>0</segmented>
	<object>
		<name>Rihanna</name>
		<pose>Unspecified</pose>
		<truncated>1</truncated>
		<difficult>0</difficult>
		<bndbox>
			<xmin>20</xmin>
			<ymin>6</ymin>
			<xmax>280</xmax>
			<ymax>480</ymax>
		</bndbox>
	</object>
</annotation>
