<annotation>
	<folder>dev</folder>
	<filename>16_05_14_251_region.jpg</filename>
	<path>D:\PyCharm\BERT_NER\data\images\twitter2017_region\dev\16_05_14_251_region.jpg</path>
	<source>
		<database>Unknown</database>
	</source>
	<size>
		<width>1024</width>
		<height>768</height>
		<depth>3</depth>
	</size>
	<segmented>0</segmented>
	<object>
		<name>Tulip Time Parade</name>
		<pose>Unspecified</pose>
		<truncated>0</truncated>
		<difficult>0</difficult>
		<bndbox>
			<xmin>261</xmin>
			<ymin>117</ymin>
			<xmax>396</xmax>
			<ymax>385</ymax>
		</bndbox>
	</object>
	<object>
		<name>Tulip Time Parade</name>
		<pose>Unspecified</pose>
		<truncated>0</truncated>
		<difficult>0</difficult>
		<bndbox>
			<xmin>563</xmin>
			<ymin>189</ymin>
			<xmax>776</xmax>
			<ymax>554</ymax>
		</bndbox>
	</object>
	<object>
		<name>Tulip Time Parade</name>
		<pose>Unspecified</pose>
		<truncated>0</truncated>
		<difficult>0</difficult>
		<bndbox>
			<xmin>426</xmin>
			<ymin>130</ymin>
			<xmax>557</xmax>
			<ymax>265</ymax>
		</bndbox>
	</object>
</annotation>
