<annotation>
	<folder>dev</folder>
	<filename>16_05_01_249_region.jpg</filename>
	<path>D:\PyCharm\BERT_NER\data\images\twitter2017_region\dev\16_05_01_249_region.jpg</path>
	<source>
		<database>Unknown</database>
	</source>
	<size>
		<width>989</width>
		<height>800</height>
		<depth>3</depth>
	</size>
	<segmented>0</segmented>
	<object>
		<name>Arthur Scargill</name>
		<pose>Unspecified</pose>
		<truncated>0</truncated>
		<difficult>0</difficult>
		<bndbox>
			<xmin>640</xmin>
			<ymin>252</ymin>
			<xmax>754</xmax>
			<ymax>536</ymax>
		</bndbox>
	</object>
</annotation>
