<annotation>
	<folder>train</folder>
	<filename>16_05_08_510_region.jpg</filename>
	<path>D:\PyCharm\BERT_NER\data\images\twitter2017_region\train\16_05_08_510_region.jpg</path>
	<source>
		<database>Unknown</database>
	</source>
	<size>
		<width>1200</width>
		<height>900</height>
		<depth>3</depth>
	</size>
	<segmented>0</segmented>
	<object>
		<name>Chinese Lantern Festival</name>
		<pose>Unspecified</pose>
		<truncated>1</truncated>
		<difficult>0</difficult>
		<bndbox>
			<xmin>19</xmin>
			<ymin>296</ymin>
			<xmax>1200</xmax>
			<ymax>580</ymax>
		</bndbox>
	</object>
</annotation>
