<annotation>
	<folder>train</folder>
	<filename>16_05_23_915_region.jpg</filename>
	<path>D:\PyCharm\BERT_NER\data\images\twitter2017_region\train\16_05_23_915_region.jpg</path>
	<source>
		<database>Unknown</database>
	</source>
	<size>
		<width>599</width>
		<height>385</height>
		<depth>3</depth>
	</size>
	<segmented>0</segmented>
	<object>
		<name>David Gilmour</name>
		<pose>Unspecified</pose>
		<truncated>1</truncated>
		<difficult>0</difficult>
		<bndbox>
			<xmin>1</xmin>
			<ymin>19</ymin>
			<xmax>375</xmax>
			<ymax>384</ymax>
		</bndbox>
	</object>
	<object>
		<name>Roger Waters</name>
		<pose>Unspecified</pose>
		<truncated>1</truncated>
		<difficult>0</difficult>
		<bndbox>
			<xmin>459</xmin>
			<ymin>4</ymin>
			<xmax>599</xmax>
			<ymax>385</ymax>
		</bndbox>
	</object>
</annotation>
