<annotation>
	<folder>7-split</folder>
	<filename>16_05_13_952.jpg</filename>
	<path>D:\研究生\图片标记\twitter2017_split10\img_split_vinvl_10\7-split\16_05_13_952.jpg</path>
	<source>
		<database>Unknown</database>
	</source>
	<size>
		<width>600</width>
		<height>338</height>
		<depth>3</depth>
	</size>
	<segmented>0</segmented>
	<object>
		<name>Zidane</name>
		<pose>Unspecified</pose>
		<truncated>0</truncated>
		<difficult>0</difficult>
		<bndbox>
			<xmin>120</xmin>
			<ymin>46</ymin>
			<xmax>442</xmax>
			<ymax>326</ymax>
		</bndbox>
	</object>
</annotation>
