<annotation>
	<folder>train</folder>
	<filename>16_05_01_658_region.jpg</filename>
	<path>D:\PyCharm\BERT_NER\data\images\twitter2017_region\train\16_05_01_658_region.jpg</path>
	<source>
		<database>Unknown</database>
	</source>
	<size>
		<width>436</width>
		<height>240</height>
		<depth>3</depth>
	</size>
	<segmented>0</segmented>
	<object>
		<name>Antonio Clark</name>
		<pose>Unspecified</pose>
		<truncated>1</truncated>
		<difficult>0</difficult>
		<bndbox>
			<xmin>106</xmin>
			<ymin>30</ymin>
			<xmax>291</xmax>
			<ymax>240</ymax>
		</bndbox>
	</object>
</annotation>
