<annotation>
	<folder>8-split</folder>
	<filename>16_05_23_916.jpg</filename>
	<path>D:\研究生\图片标记\twitter2017_split10\img_split_vinvl_10\8-split\16_05_23_916.jpg</path>
	<source>
		<database>Unknown</database>
	</source>
	<size>
		<width>900</width>
		<height>600</height>
		<depth>3</depth>
	</size>
	<segmented>0</segmented>
	<object>
		<name>Wymondham Windmill</name>
		<pose>Unspecified</pose>
		<truncated>0</truncated>
		<difficult>0</difficult>
		<bndbox>
			<xmin>224</xmin>
			<ymin>232</ymin>
			<xmax>400</xmax>
			<ymax>304</ymax>
		</bndbox>
	</object>
</annotation>
