<annotation>
	<folder>dev</folder>
	<filename>16_05_16_380_region.jpg</filename>
	<path>D:\PyCharm\BERT_NER\data\images\twitter2017_region\dev\16_05_16_380_region.jpg</path>
	<source>
		<database>Unknown</database>
	</source>
	<size>
		<width>1024</width>
		<height>1024</height>
		<depth>3</depth>
	</size>
	<segmented>0</segmented>
	<object>
		<name>kane</name>
		<pose>Unspecified</pose>
		<truncated>0</truncated>
		<difficult>0</difficult>
		<bndbox>
			<xmin>183</xmin>
			<ymin>81</ymin>
			<xmax>571</xmax>
			<ymax>981</ymax>
		</bndbox>
	</object>
	<object>
		<name>harrykane</name>
		<pose>Unspecified</pose>
		<truncated>0</truncated>
		<difficult>0</difficult>
		<bndbox>
			<xmin>181</xmin>
			<ymin>84</ymin>
			<xmax>576</xmax>
			<ymax>980</ymax>
		</bndbox>
	</object>
</annotation>
