<annotation>
	<folder>dev</folder>
	<filename>16_05_12_954_region.jpg</filename>
	<path>D:\PyCharm\BERT_NER\data\images\twitter2017_region\dev\16_05_12_954_region.jpg</path>
	<source>
		<database>Unknown</database>
	</source>
	<size>
		<width>1200</width>
		<height>816</height>
		<depth>3</depth>
	</size>
	<segmented>0</segmented>
	<object>
		<name>Frankie Dettori</name>
		<pose>Unspecified</pose>
		<truncated>1</truncated>
		<difficult>0</difficult>
		<bndbox>
			<xmin>54</xmin>
			<ymin>21</ymin>
			<xmax>870</xmax>
			<ymax>816</ymax>
		</bndbox>
	</object>
</annotation>
