<annotation>
	<folder>dev</folder>
	<filename>16_05_17_386_region.jpg</filename>
	<path>D:\PyCharm\BERT_NER\data\images\twitter2017_region\dev\16_05_17_386_region.jpg</path>
	<source>
		<database>Unknown</database>
	</source>
	<size>
		<width>350</width>
		<height>494</height>
		<depth>3</depth>
	</size>
	<segmented>0</segmented>
	<object>
		<name>Iggy Azalea</name>
		<pose>Unspecified</pose>
		<truncated>0</truncated>
		<difficult>0</difficult>
		<bndbox>
			<xmin>90</xmin>
			<ymin>32</ymin>
			<xmax>275</xmax>
			<ymax>470</ymax>
		</bndbox>
	</object>
</annotation>
