<annotation>
	<folder>train</folder>
	<filename>16_05_08_288_region.jpg</filename>
	<path>D:\PyCharm\BERT_NER\data\images\twitter2017_region\train\16_05_08_288_region.jpg</path>
	<source>
		<database>Unknown</database>
	</source>
	<size>
		<width>1000</width>
		<height>750</height>
		<depth>3</depth>
	</size>
	<segmented>0</segmented>
	<object>
		<name>Kadeisha Buchanan</name>
		<pose>Unspecified</pose>
		<truncated>1</truncated>
		<difficult>0</difficult>
		<bndbox>
			<xmin>221</xmin>
			<ymin>34</ymin>
			<xmax>688</xmax>
			<ymax>750</ymax>
		</bndbox>
	</object>
</annotation>
