<annotation>
	<folder>train</folder>
	<filename>16_05_05_902_region.jpg</filename>
	<path>D:\PyCharm\BERT_NER\data\images\twitter2017_region\train\16_05_05_902_region.jpg</path>
	<source>
		<database>Unknown</database>
	</source>
	<size>
		<width>1200</width>
		<height>675</height>
		<depth>3</depth>
	</size>
	<segmented>0</segmented>
	<object>
		<name>Rays</name>
		<pose>Unspecified</pose>
		<truncated>0</truncated>
		<difficult>0</difficult>
		<bndbox>
			<xmin>356</xmin>
			<ymin>334</ymin>
			<xmax>566</xmax>
			<ymax>482</ymax>
		</bndbox>
	</object>
	<object>
		<name>Rays</name>
		<pose>Unspecified</pose>
		<truncated>0</truncated>
		<difficult>0</difficult>
		<bndbox>
			<xmin>683</xmin>
			<ymin>329</ymin>
			<xmax>974</xmax>
			<ymax>465</ymax>
		</bndbox>
	</object>
	<object>
		<name>Pearce</name>
		<pose>Unspecified</pose>
		<truncated>1</truncated>
		<difficult>0</difficult>
		<bndbox>
			<xmin>594</xmin>
			<ymin>2</ymin>
			<xmax>1176</xmax>
			<ymax>675</ymax>
		</bndbox>
	</object>
</annotation>
