<annotation>
	<folder>5-split</folder>
	<filename>16_05_26_35.jpg</filename>
	<path>C:\Users\lenovo\Documents\【001】准研\work\dataset\Twitter2017\split10\img_split_vinvl_10\5-split\16_05_26_35.jpg</path>
	<source>
		<database>Unknown</database>
	</source>
	<size>
		<width>750</width>
		<height>219</height>
		<depth>3</depth>
	</size>
	<segmented>0</segmented>
	<object>
		<name>Busted</name>
		<pose>Unspecified</pose>
		<truncated>0</truncated>
		<difficult>0</difficult>
		<bndbox>
			<xmin>14</xmin>
			<ymin>19</ymin>
			<xmax>144</xmax>
			<ymax>208</ymax>
		</bndbox>
	</object>
</annotation>
