<annotation>
	<folder>8-split</folder>
	<filename>16_05_27_303.jpg</filename>
	<path>D:\研究生\图片标记\twitter2017_split10\img_split_vinvl_10\8-split\16_05_27_303.jpg</path>
	<source>
		<database>Unknown</database>
	</source>
	<size>
		<width>612</width>
		<height>612</height>
		<depth>3</depth>
	</size>
	<segmented>0</segmented>
	<object>
		<name>UpinFlames</name>
		<pose>Unspecified</pose>
		<truncated>0</truncated>
		<difficult>0</difficult>
		<bndbox>
			<xmin>454</xmin>
			<ymin>375</ymin>
			<xmax>595</xmax>
			<ymax>597</ymax>
		</bndbox>
	</object>
</annotation>
