<annotation>
	<folder>6-split</folder>
	<filename>16_05_01_260.jpg</filename>
	<path>D:\研究生\图片标记\twitter2017_split10\img_split_vinvl_10\6-split\16_05_01_260.jpg</path>
	<source>
		<database>Unknown</database>
	</source>
	<size>
		<width>512</width>
		<height>362</height>
		<depth>3</depth>
	</size>
	<segmented>0</segmented>
	<object>
		<name>Jarran Reed</name>
		<pose>Unspecified</pose>
		<truncated>1</truncated>
		<difficult>0</difficult>
		<bndbox>
			<xmin>150</xmin>
			<ymin>20</ymin>
			<xmax>325</xmax>
			<ymax>362</ymax>
		</bndbox>
	</object>
</annotation>
