<annotation>
	<folder>train</folder>
	<filename>16_05_25_616_region.jpg</filename>
	<path>D:\PyCharm\BERT_NER\data\images\twitter2017_region\train\16_05_25_616_region.jpg</path>
	<source>
		<database>Unknown</database>
	</source>
	<size>
		<width>942</width>
		<height>1152</height>
		<depth>3</depth>
	</size>
	<segmented>0</segmented>
	<object>
		<name>Charles Barkley</name>
		<pose>Unspecified</pose>
		<truncated>1</truncated>
		<difficult>0</difficult>
		<bndbox>
			<xmin>113</xmin>
			<ymin>34</ymin>
			<xmax>830</xmax>
			<ymax>1152</ymax>
		</bndbox>
	</object>
</annotation>
