<annotation>
	<folder>dev</folder>
	<filename>16_05_12_1199_region.jpg</filename>
	<path>D:\PyCharm\BERT_NER\data\images\twitter2017_region\dev\16_05_12_1199_region.jpg</path>
	<source>
		<database>Unknown</database>
	</source>
	<size>
		<width>648</width>
		<height>324</height>
		<depth>3</depth>
	</size>
	<segmented>0</segmented>
	<object>
		<name>Wolf Parade</name>
		<pose>Unspecified</pose>
		<truncated>1</truncated>
		<difficult>0</difficult>
		<bndbox>
			<xmin>4</xmin>
			<ymin>4</ymin>
			<xmax>199</xmax>
			<ymax>324</ymax>
		</bndbox>
	</object>
	<object>
		<name>Wolf Parade</name>
		<pose>Unspecified</pose>
		<truncated>0</truncated>
		<difficult>0</difficult>
		<bndbox>
			<xmin>199</xmin>
			<ymin>9</ymin>
			<xmax>339</xmax>
			<ymax>321</ymax>
		</bndbox>
	</object>
	<object>
		<name>Wolf Parade</name>
		<pose>Unspecified</pose>
		<truncated>1</truncated>
		<difficult>0</difficult>
		<bndbox>
			<xmin>308</xmin>
			<ymin>9</ymin>
			<xmax>488</xmax>
			<ymax>324</ymax>
		</bndbox>
	</object>
	<object>
		<name>Wolf Parade</name>
		<pose>Unspecified</pose>
		<truncated>1</truncated>
		<difficult>0</difficult>
		<bndbox>
			<xmin>519</xmin>
			<ymin>30</ymin>
			<xmax>648</xmax>
			<ymax>324</ymax>
		</bndbox>
	</object>
</annotation>
