<annotation>
	<folder>train</folder>
	<filename>16_05_16_1030_region.jpg</filename>
	<path>D:\PyCharm\BERT_NER\data\images\twitter2017_region\train\16_05_16_1030_region.jpg</path>
	<source>
		<database>Unknown</database>
	</source>
	<size>
		<width>800</width>
		<height>800</height>
		<depth>3</depth>
	</size>
	<segmented>0</segmented>
	<object>
		<name>London Festival</name>
		<pose>Unspecified</pose>
		<truncated>1</truncated>
		<difficult>0</difficult>
		<bndbox>
			<xmin>639</xmin>
			<ymin>622</ymin>
			<xmax>800</xmax>
			<ymax>798</ymax>
		</bndbox>
	</object>
</annotation>
