<annotation>
	<folder>train</folder>
	<filename>16_05_09_716_region.jpg</filename>
	<path>D:\PyCharm\BERT_NER\data\images\twitter2017_region\train\16_05_09_716_region.jpg</path>
	<source>
		<database>Unknown</database>
	</source>
	<size>
		<width>600</width>
		<height>400</height>
		<depth>3</depth>
	</size>
	<segmented>0</segmented>
	<object>
		<name>Murray</name>
		<pose>Unspecified</pose>
		<truncated>1</truncated>
		<difficult>0</difficult>
		<bndbox>
			<xmin>127</xmin>
			<ymin>1</ymin>
			<xmax>487</xmax>
			<ymax>390</ymax>
		</bndbox>
	</object>
	<object>
		<name>Penguins</name>
		<pose>Unspecified</pose>
		<truncated>0</truncated>
		<difficult>0</difficult>
		<bndbox>
			<xmin>240</xmin>
			<ymin>197</ymin>
			<xmax>370</xmax>
			<ymax>282</ymax>
		</bndbox>
	</object>
</annotation>
