<annotation>
	<folder>dev</folder>
	<filename>16_05_03_198_region.jpg</filename>
	<path>D:\PyCharm\BERT_NER\data\images\twitter2017_region\dev\16_05_03_198_region.jpg</path>
	<source>
		<database>Unknown</database>
	</source>
	<size>
		<width>768</width>
		<height>1024</height>
		<depth>3</depth>
	</size>
	<segmented>0</segmented>
	<object>
		<name>JustinVerlander</name>
		<pose>Unspecified</pose>
		<truncated>0</truncated>
		<difficult>0</difficult>
		<bndbox>
			<xmin>61</xmin>
			<ymin>4</ymin>
			<xmax>565</xmax>
			<ymax>925</ymax>
		</bndbox>
	</object>
</annotation>
