<annotation>
	<folder>7-split</folder>
	<filename>16_05_04_244.jpg</filename>
	<path>D:\研究生\图片标记\twitter2017_split10\img_split_vinvl_10\7-split\16_05_04_244.jpg</path>
	<source>
		<database>Unknown</database>
	</source>
	<size>
		<width>1200</width>
		<height>900</height>
		<depth>3</depth>
	</size>
	<segmented>0</segmented>
	<object>
		<name>Jeremih</name>
		<pose>Unspecified</pose>
		<truncated>0</truncated>
		<difficult>0</difficult>
		<bndbox>
			<xmin>289</xmin>
			<ymin>553</ymin>
			<xmax>388</xmax>
			<ymax>679</ymax>
		</bndbox>
	</object>
	<object>
		<name>Jeremih</name>
		<pose>Unspecified</pose>
		<truncated>0</truncated>
		<difficult>0</difficult>
		<bndbox>
			<xmin>712</xmin>
			<ymin>556</ymin>
			<xmax>778</xmax>
			<ymax>713</ymax>
		</bndbox>
	</object>
</annotation>
