<annotation>
	<folder>8-split</folder>
	<filename>16_05_17_387.jpg</filename>
	<path>D:\研究生\图片标记\twitter2017_split10\img_split_vinvl_10\8-split\16_05_17_387.jpg</path>
	<source>
		<database>Unknown</database>
	</source>
	<size>
		<width>620</width>
		<height>430</height>
		<depth>3</depth>
	</size>
	<segmented>0</segmented>
	<object>
		<name>Madrid</name>
		<pose>Unspecified</pose>
		<truncated>0</truncated>
		<difficult>0</difficult>
		<bndbox>
			<xmin>439</xmin>
			<ymin>210</ymin>
			<xmax>478</xmax>
			<ymax>256</ymax>
		</bndbox>
	</object>
	<object>
		<name>Godin</name>
		<pose>Unspecified</pose>
		<truncated>1</truncated>
		<difficult>0</difficult>
		<bndbox>
			<xmin>211</xmin>
			<ymin>8</ymin>
			<xmax>564</xmax>
			<ymax>430</ymax>
		</bndbox>
	</object>
</annotation>
