<annotation>
	<folder>train</folder>
	<filename>16_05_19_932_region.jpg</filename>
	<path>D:\PyCharm\BERT_NER\data\images\twitter2017_region\train\16_05_19_932_region.jpg</path>
	<source>
		<database>Unknown</database>
	</source>
	<size>
		<width>700</width>
		<height>690</height>
		<depth>3</depth>
	</size>
	<segmented>0</segmented>
	<object>
		<name>Iachini</name>
		<pose>Unspecified</pose>
		<truncated>1</truncated>
		<difficult>0</difficult>
		<bndbox>
			<xmin>1</xmin>
			<ymin>92</ymin>
			<xmax>425</xmax>
			<ymax>686</ymax>
		</bndbox>
	</object>
	<object>
		<name>Udinese</name>
		<pose>Unspecified</pose>
		<truncated>0</truncated>
		<difficult>0</difficult>
		<bndbox>
			<xmin>226</xmin>
			<ymin>108</ymin>
			<xmax>292</xmax>
			<ymax>162</ymax>
		</bndbox>
	</object>
</annotation>
