<annotation>
	<folder>dev</folder>
	<filename>16_05_12_956_region.jpg</filename>
	<path>D:\PyCharm\BERT_NER\data\images\twitter2017_region\dev\16_05_12_956_region.jpg</path>
	<source>
		<database>Unknown</database>
	</source>
	<size>
		<width>600</width>
		<height>380</height>
		<depth>3</depth>
	</size>
	<segmented>0</segmented>
	<object>
		<name>Gigi Buffon</name>
		<pose>Unspecified</pose>
		<truncated>1</truncated>
		<difficult>0</difficult>
		<bndbox>
			<xmin>222</xmin>
			<ymin>1</ymin>
			<xmax>414</xmax>
			<ymax>205</ymax>
		</bndbox>
	</object>
	<object>
		<name>Leicester City</name>
		<pose>Unspecified</pose>
		<truncated>0</truncated>
		<difficult>0</difficult>
		<bndbox>
			<xmin>338</xmin>
			<ymin>196</ymin>
			<xmax>398</xmax>
			<ymax>250</ymax>
		</bndbox>
	</object>
</annotation>
