<annotation>
	<folder>7-split</folder>
	<filename>16_05_10_265.jpg</filename>
	<path>D:\研究生\图片标记\twitter2017_split10\img_split_vinvl_10\7-split\16_05_10_265.jpg</path>
	<source>
		<database>Unknown</database>
	</source>
	<size>
		<width>1000</width>
		<height>1000</height>
		<depth>3</depth>
	</size>
	<segmented>0</segmented>
	<object>
		<name>StephenCurry30</name>
		<pose>Unspecified</pose>
		<truncated>0</truncated>
		<difficult>0</difficult>
		<bndbox>
			<xmin>99</xmin>
			<ymin>123</ymin>
			<xmax>497</xmax>
			<ymax>998</ymax>
		</bndbox>
	</object>
	<object>
		<name>StephenCurry30</name>
		<pose>Unspecified</pose>
		<truncated>0</truncated>
		<difficult>0</difficult>
		<bndbox>
			<xmin>699</xmin>
			<ymin>286</ymin>
			<xmax>811</xmax>
			<ymax>931</ymax>
		</bndbox>
	</object>
	<object>
		<name>NBA</name>
		<pose>Unspecified</pose>
		<truncated>0</truncated>
		<difficult>0</difficult>
		<bndbox>
			<xmin>18</xmin>
			<ymin>17</ymin>
			<xmax>72</xmax>
			<ymax>120</ymax>
		</bndbox>
	</object>
	<object>
		<name>NBA</name>
		<pose>Unspecified</pose>
		<truncated>0</truncated>
		<difficult>0</difficult>
		<bndbox>
			<xmin>870</xmin>
			<ymin>211</ymin>
			<xmax>900</xmax>
			<ymax>297</ymax>
		</bndbox>
	</object>
</annotation>
