<annotation>
	<folder>6-split</folder>
	<filename>16_05_01_673.jpg</filename>
	<path>D:\研究生\图片标记\twitter2017_split10\img_split_vinvl_10\6-split\16_05_01_673.jpg</path>
	<source>
		<database>Unknown</database>
	</source>
	<size>
		<width>1200</width>
		<height>900</height>
		<depth>3</depth>
	</size>
	<segmented>0</segmented>
	<object>
		<name>Grimsdyke Brass</name>
		<pose>Unspecified</pose>
		<truncated>0</truncated>
		<difficult>0</difficult>
		<bndbox>
			<xmin>8</xmin>
			<ymin>348</ymin>
			<xmax>886</xmax>
			<ymax>638</ymax>
		</bndbox>
	</object>
</annotation>
