<annotation>
	<folder>dev</folder>
	<filename>16_05_24_983_region.jpg</filename>
	<path>D:\PyCharm\BERT_NER\data\images\twitter2017_region\dev\16_05_24_983_region.jpg</path>
	<source>
		<database>Unknown</database>
	</source>
	<size>
		<width>1200</width>
		<height>630</height>
		<depth>3</depth>
	</size>
	<segmented>0</segmented>
	<object>
		<name>Nick Van Exel</name>
		<pose>Unspecified</pose>
		<truncated>1</truncated>
		<difficult>0</difficult>
		<bndbox>
			<xmin>211</xmin>
			<ymin>5</ymin>
			<xmax>809</xmax>
			<ymax>630</ymax>
		</bndbox>
	</object>
</annotation>
