<annotation>
	<folder>train</folder>
	<filename>16_05_13_749_region.jpg</filename>
	<path>D:\PyCharm\BERT_NER\data\images\twitter2017_region\train\16_05_13_749_region.jpg</path>
	<source>
		<database>Unknown</database>
	</source>
	<size>
		<width>1200</width>
		<height>799</height>
		<depth>3</depth>
	</size>
	<segmented>0</segmented>
	<object>
		<name>premierleague</name>
		<pose>Unspecified</pose>
		<truncated>0</truncated>
		<difficult>0</difficult>
		<bndbox>
			<xmin>976</xmin>
			<ymin>605</ymin>
			<xmax>1081</xmax>
			<ymax>718</ymax>
		</bndbox>
	</object>
	<object>
		<name>Leicester City</name>
		<pose>Unspecified</pose>
		<truncated>0</truncated>
		<difficult>0</difficult>
		<bndbox>
			<xmin>868</xmin>
			<ymin>530</ymin>
			<xmax>955</xmax>
			<ymax>620</ymax>
		</bndbox>
	</object>
	<object>
		<name>Jamie Vardy</name>
		<pose>Unspecified</pose>
		<truncated>1</truncated>
		<difficult>0</difficult>
		<bndbox>
			<xmin>660</xmin>
			<ymin>39</ymin>
			<xmax>1096</xmax>
			<ymax>799</ymax>
		</bndbox>
	</object>
</annotation>
