<annotation>
	<folder>dev</folder>
	<filename>16_05_31_352_region.jpg</filename>
	<path>D:\PyCharm\BERT_NER\data\images\twitter2017_region\dev\16_05_31_352_region.jpg</path>
	<source>
		<database>Unknown</database>
	</source>
	<size>
		<width>1200</width>
		<height>963</height>
		<depth>3</depth>
	</size>
	<segmented>0</segmented>
	<object>
		<name>Belarus</name>
		<pose>Unspecified</pose>
		<truncated>0</truncated>
		<difficult>0</difficult>
		<bndbox>
			<xmin>73</xmin>
			<ymin>312</ymin>
			<xmax>582</xmax>
			<ymax>940</ymax>
		</bndbox>
	</object>
	<object>
		<name>Ireland</name>
		<pose>Unspecified</pose>
		<truncated>1</truncated>
		<difficult>0</difficult>
		<bndbox>
			<xmin>575</xmin>
			<ymin>86</ymin>
			<xmax>883</xmax>
			<ymax>963</ymax>
		</bndbox>
	</object>
</annotation>
