<annotation>
	<folder>dev</folder>
	<filename>16_05_18_1011_region.jpg</filename>
	<path>D:\PyCharm\BERT_NER\data\images\twitter2017_region\dev\16_05_18_1011_region.jpg</path>
	<source>
		<database>Unknown</database>
	</source>
	<size>
		<width>1200</width>
		<height>800</height>
		<depth>3</depth>
	</size>
	<segmented>0</segmented>
	<object>
		<name>St Mary ' s Church</name>
		<pose>Unspecified</pose>
		<truncated>1</truncated>
		<difficult>0</difficult>
		<bndbox>
			<xmin>179</xmin>
			<ymin>13</ymin>
			<xmax>1168</xmax>
			<ymax>800</ymax>
		</bndbox>
	</object>
</annotation>
