<annotation>
	<folder>dev</folder>
	<filename>16_05_25_366_region.jpg</filename>
	<path>D:\PyCharm\BERT_NER\data\images\twitter2017_region\dev\16_05_25_366_region.jpg</path>
	<source>
		<database>Unknown</database>
	</source>
	<size>
		<width>1200</width>
		<height>602</height>
		<depth>3</depth>
	</size>
	<segmented>0</segmented>
	<object>
		<name>Warriorette</name>
		<pose>Unspecified</pose>
		<truncated>0</truncated>
		<difficult>0</difficult>
		<bndbox>
			<xmin>15</xmin>
			<ymin>56</ymin>
			<xmax>1179</xmax>
			<ymax>472</ymax>
		</bndbox>
	</object>
</annotation>
