<annotation>
	<folder>train</folder>
	<filename>16_05_10_701_region.jpg</filename>
	<path>D:\PyCharm\BERT_NER\data\images\twitter2017_region\train\16_05_10_701_region.jpg</path>
	<source>
		<database>Unknown</database>
	</source>
	<size>
		<width>1200</width>
		<height>675</height>
		<depth>3</depth>
	</size>
	<segmented>0</segmented>
	<object>
		<name>EMU</name>
		<pose>Unspecified</pose>
		<truncated>0</truncated>
		<difficult>0</difficult>
		<bndbox>
			<xmin>758</xmin>
			<ymin>186</ymin>
			<xmax>923</xmax>
			<ymax>369</ymax>
		</bndbox>
	</object>
	<object>
		<name>EMU</name>
		<pose>Unspecified</pose>
		<truncated>0</truncated>
		<difficult>0</difficult>
		<bndbox>
			<xmin>758</xmin>
			<ymin>184</ymin>
			<xmax>924</xmax>
			<ymax>372</ymax>
		</bndbox>
	</object>
</annotation>
