<annotation>
	<folder>train</folder>
	<filename>16_05_10_729_region.jpg</filename>
	<path>D:\PyCharm\BERT_NER\data\images\twitter2017_region\train\16_05_10_729_region.jpg</path>
	<source>
		<database>Unknown</database>
	</source>
	<size>
		<width>1200</width>
		<height>634</height>
		<depth>3</depth>
	</size>
	<segmented>0</segmented>
	<object>
		<name>TERROR FILM FESTIVAL</name>
		<pose>Unspecified</pose>
		<truncated>0</truncated>
		<difficult>0</difficult>
		<bndbox>
			<xmin>21</xmin>
			<ymin>14</ymin>
			<xmax>727</xmax>
			<ymax>102</ymax>
		</bndbox>
	</object>
</annotation>
