<annotation>
	<folder>train</folder>
	<filename>16_05_29_976_region.jpg</filename>
	<path>D:\PyCharm\BERT_NER\data\images\twitter2017_region\train\16_05_29_976_region.jpg</path>
	<source>
		<database>Unknown</database>
	</source>
	<size>
		<width>1200</width>
		<height>900</height>
		<depth>3</depth>
	</size>
	<segmented>0</segmented>
	<object>
		<name>Mesut Ozil</name>
		<pose>Unspecified</pose>
		<truncated>1</truncated>
		<difficult>0</difficult>
		<bndbox>
			<xmin>280</xmin>
			<ymin>36</ymin>
			<xmax>1026</xmax>
			<ymax>900</ymax>
		</bndbox>
	</object>
	<object>
		<name>Premier League</name>
		<pose>Unspecified</pose>
		<truncated>0</truncated>
		<difficult>0</difficult>
		<bndbox>
			<xmin>366</xmin>
			<ymin>485</ymin>
			<xmax>472</xmax>
			<ymax>594</ymax>
		</bndbox>
	</object>
</annotation>
