<annotation>
	<folder>train</folder>
	<filename>16_05_14_669_region.jpg</filename>
	<path>D:\PyCharm\BERT_NER\data\images\twitter2017_region\train\16_05_14_669_region.jpg</path>
	<source>
		<database>Unknown</database>
	</source>
	<size>
		<width>1200</width>
		<height>675</height>
		<depth>3</depth>
	</size>
	<segmented>0</segmented>
	<object>
		<name>Suarez</name>
		<pose>Unspecified</pose>
		<truncated>1</truncated>
		<difficult>0</difficult>
		<bndbox>
			<xmin>221</xmin>
			<ymin>4</ymin>
			<xmax>1080</xmax>
			<ymax>675</ymax>
		</bndbox>
	</object>
	<object>
		<name>Barcelona</name>
		<pose>Unspecified</pose>
		<truncated>0</truncated>
		<difficult>0</difficult>
		<bndbox>
			<xmin>591</xmin>
			<ymin>223</ymin>
			<xmax>637</xmax>
			<ymax>265</ymax>
		</bndbox>
	</object>
</annotation>
