<annotation>
	<folder>10-split</folder>
	<filename>16_05_24_1043.jpg</filename>
	<path>D:\研究生\图片标记\twitter2017_split10\img_split_vinvl_10\10-split\16_05_24_1043.jpg</path>
	<source>
		<database>Unknown</database>
	</source>
	<size>
		<width>1200</width>
		<height>674</height>
		<depth>3</depth>
	</size>
	<segmented>0</segmented>
	<object>
		<name>SeaDogsBaseball</name>
		<pose>Unspecified</pose>
		<truncated>0</truncated>
		<difficult>0</difficult>
		<bndbox>
			<xmin>670</xmin>
			<ymin>91</ymin>
			<xmax>816</xmax>
			<ymax>235</ymax>
		</bndbox>
	</object>
</annotation>
