<annotation>
	<folder>train</folder>
	<filename>16_05_01_459_region.jpg</filename>
	<path>D:\PyCharm\BERT_NER\data\images\twitter2017_region\train\16_05_01_459_region.jpg</path>
	<source>
		<database>Unknown</database>
	</source>
	<size>
		<width>1024</width>
		<height>1024</height>
		<depth>3</depth>
	</size>
	<segmented>0</segmented>
	<object>
		<name>OJMau</name>
		<pose>Unspecified</pose>
		<truncated>1</truncated>
		<difficult>0</difficult>
		<bndbox>
			<xmin>179</xmin>
			<ymin>553</ymin>
			<xmax>914</xmax>
			<ymax>1024</ymax>
		</bndbox>
	</object>
</annotation>
