<annotation>
	<folder>dev</folder>
	<filename>16_05_27_275_region.jpg</filename>
	<path>D:\PyCharm\BERT_NER\data\images\twitter2017_region\dev\16_05_27_275_region.jpg</path>
	<source>
		<database>Unknown</database>
	</source>
	<size>
		<width>650</width>
		<height>433</height>
		<depth>3</depth>
	</size>
	<segmented>0</segmented>
	<object>
		<name>Jang Geun Suk</name>
		<pose>Unspecified</pose>
		<truncated>1</truncated>
		<difficult>0</difficult>
		<bndbox>
			<xmin>75</xmin>
			<ymin>59</ymin>
			<xmax>522</xmax>
			<ymax>433</ymax>
		</bndbox>
	</object>
</annotation>
