<annotation>
	<folder>7-split</folder>
	<filename>16_05_10_338.jpg</filename>
	<path>D:\研究生\图片标记\twitter2017_split10\img_split_vinvl_10\7-split\16_05_10_338.jpg</path>
	<source>
		<database>Unknown</database>
	</source>
	<size>
		<width>675</width>
		<height>1200</height>
		<depth>3</depth>
	</size>
	<segmented>0</segmented>
	<object>
		<name>deion</name>
		<pose>Unspecified</pose>
		<truncated>0</truncated>
		<difficult>0</difficult>
		<bndbox>
			<xmin>24</xmin>
			<ymin>180</ymin>
			<xmax>140</xmax>
			<ymax>302</ymax>
		</bndbox>
	</object>
</annotation>
