<annotation>
	<folder>train</folder>
	<filename>16_05_10_22_region.jpg</filename>
	<path>D:\PyCharm\BERT_NER\data\images\twitter2017_region\train\16_05_10_22_region.jpg</path>
	<source>
		<database>Unknown</database>
	</source>
	<size>
		<width>640</width>
		<height>433</height>
		<depth>3</depth>
	</size>
	<segmented>0</segmented>
	<object>
		<name>Riley Curry</name>
		<pose>Unspecified</pose>
		<truncated>0</truncated>
		<difficult>0</difficult>
		<bndbox>
			<xmin>162</xmin>
			<ymin>32</ymin>
			<xmax>339</xmax>
			<ymax>331</ymax>
		</bndbox>
	</object>
</annotation>
