<annotation>
	<folder>train</folder>
	<filename>16_05_01_66_region.jpg</filename>
	<path>D:\PyCharm\BERT_NER\data\images\twitter2017_region\train\16_05_01_66_region.jpg</path>
	<source>
		<database>Unknown</database>
	</source>
	<size>
		<width>675</width>
		<height>1200</height>
		<depth>3</depth>
	</size>
	<segmented>0</segmented>
	<object>
		<name>d_rob4</name>
		<pose>Unspecified</pose>
		<truncated>1</truncated>
		<difficult>0</difficult>
		<bndbox>
			<xmin>1</xmin>
			<ymin>181</ymin>
			<xmax>238</xmax>
			<ymax>1199</ymax>
		</bndbox>
	</object>
	<object>
		<name>CalFootball</name>
		<pose>Unspecified</pose>
		<truncated>0</truncated>
		<difficult>0</difficult>
		<bndbox>
			<xmin>199</xmin>
			<ymin>369</ymin>
			<xmax>525</xmax>
			<ymax>630</ymax>
		</bndbox>
	</object>
</annotation>
