<annotation>
	<folder>train</folder>
	<filename>16_05_01_115_region.jpg</filename>
	<path>D:\PyCharm\BERT_NER\data\images\twitter2017_region\train\16_05_01_115_region.jpg</path>
	<source>
		<database>Unknown</database>
	</source>
	<size>
		<width>746</width>
		<height>498</height>
		<depth>3</depth>
	</size>
	<segmented>0</segmented>
	<object>
		<name>Swansea</name>
		<pose>Unspecified</pose>
		<truncated>0</truncated>
		<difficult>0</difficult>
		<bndbox>
			<xmin>434</xmin>
			<ymin>430</ymin>
			<xmax>484</xmax>
			<ymax>476</ymax>
		</bndbox>
	</object>
	<object>
		<name>Ayew</name>
		<pose>Unspecified</pose>
		<truncated>1</truncated>
		<difficult>0</difficult>
		<bndbox>
			<xmin>78</xmin>
			<ymin>35</ymin>
			<xmax>601</xmax>
			<ymax>498</ymax>
		</bndbox>
	</object>
	<object>
		<name>SwansOfficial</name>
		<pose>Unspecified</pose>
		<truncated>0</truncated>
		<difficult>0</difficult>
		<bndbox>
			<xmin>435</xmin>
			<ymin>429</ymin>
			<xmax>486</xmax>
			<ymax>476</ymax>
		</bndbox>
	</object>
</annotation>
