<annotation>
	<folder>train</folder>
	<filename>16_05_17_581_region.jpg</filename>
	<path>D:\PyCharm\BERT_NER\data\images\twitter2017_region\train\16_05_17_581_region.jpg</path>
	<source>
		<database>Unknown</database>
	</source>
	<size>
		<width>1138</width>
		<height>1200</height>
		<depth>3</depth>
	</size>
	<segmented>0</segmented>
	<object>
		<name>Jimmy Butler</name>
		<pose>Unspecified</pose>
		<truncated>0</truncated>
		<difficult>0</difficult>
		<bndbox>
			<xmin>98</xmin>
			<ymin>49</ymin>
			<xmax>1069</xmax>
			<ymax>740</ymax>
		</bndbox>
	</object>
</annotation>
