<annotation>
	<folder>train</folder>
	<filename>16_05_16_790_region.jpg</filename>
	<path>D:\PyCharm\BERT_NER\data\images\twitter2017_region\train\16_05_16_790_region.jpg</path>
	<source>
		<database>Unknown</database>
	</source>
	<size>
		<width>490</width>
		<height>480</height>
		<depth>3</depth>
	</size>
	<segmented>0</segmented>
	<object>
		<name>Emma Nyra</name>
		<pose>Unspecified</pose>
		<truncated>0</truncated>
		<difficult>0</difficult>
		<bndbox>
			<xmin>11</xmin>
			<ymin>11</ymin>
			<xmax>133</xmax>
			<ymax>459</ymax>
		</bndbox>
	</object>
	<object>
		<name>Emma Nyra</name>
		<pose>Unspecified</pose>
		<truncated>0</truncated>
		<difficult>0</difficult>
		<bndbox>
			<xmin>159</xmin>
			<ymin>23</ymin>
			<xmax>321</xmax>
			<ymax>469</ymax>
		</bndbox>
	</object>
	<object>
		<name>Emma Nyra</name>
		<pose>Unspecified</pose>
		<truncated>1</truncated>
		<difficult>0</difficult>
		<bndbox>
			<xmin>365</xmin>
			<ymin>22</ymin>
			<xmax>490</xmax>
			<ymax>461</ymax>
		</bndbox>
	</object>
</annotation>
