<annotation>
	<folder>7-split</folder>
	<filename>16_05_13_212.jpg</filename>
	<path>D:\研究生\图片标记\twitter2017_split10\img_split_vinvl_10\7-split\16_05_13_212.jpg</path>
	<source>
		<database>Unknown</database>
	</source>
	<size>
		<width>1200</width>
		<height>661</height>
		<depth>3</depth>
	</size>
	<segmented>0</segmented>
	<object>
		<name>Tom Brady</name>
		<pose>Unspecified</pose>
		<truncated>1</truncated>
		<difficult>0</difficult>
		<bndbox>
			<xmin>574</xmin>
			<ymin>3</ymin>
			<xmax>1200</xmax>
			<ymax>661</ymax>
		</bndbox>
	</object>
</annotation>
