<annotation>
	<folder>8-split</folder>
	<filename>16_05_21_568.jpg</filename>
	<path>D:\研究生\图片标记\twitter2017_split10\img_split_vinvl_10\8-split\16_05_21_568.jpg</path>
	<source>
		<database>Unknown</database>
	</source>
	<size>
		<width>664</width>
		<height>332</height>
		<depth>3</depth>
	</size>
	<segmented>0</segmented>
	<object>
		<name>Larry Bird</name>
		<pose>Unspecified</pose>
		<truncated>0</truncated>
		<difficult>0</difficult>
		<bndbox>
			<xmin>7</xmin>
			<ymin>2</ymin>
			<xmax>332</xmax>
			<ymax>331</ymax>
		</bndbox>
	</object>
	<object>
		<name>Steph Curry</name>
		<pose>Unspecified</pose>
		<truncated>1</truncated>
		<difficult>0</difficult>
		<bndbox>
			<xmin>377</xmin>
			<ymin>19</ymin>
			<xmax>624</xmax>
			<ymax>332</ymax>
		</bndbox>
	</object>
</annotation>
