<annotation>
	<folder>7-split</folder>
	<filename>16_05_02_767.jpg</filename>
	<path>D:\研究生\图片标记\twitter2017_split10\img_split_vinvl_10\7-split\16_05_02_767.jpg</path>
	<source>
		<database>Unknown</database>
	</source>
	<size>
		<width>960</width>
		<height>717</height>
		<depth>3</depth>
	</size>
	<segmented>0</segmented>
	<object>
		<name>RomanBathsBath</name>
		<pose>Unspecified</pose>
		<truncated>1</truncated>
		<difficult>0</difficult>
		<bndbox>
			<xmin>1</xmin>
			<ymin>3</ymin>
			<xmax>956</xmax>
			<ymax>717</ymax>
		</bndbox>
	</object>
</annotation>
