<annotation>
	<folder>4-split</folder>
	<filename>1703651.jpg</filename>
	<path>C:\Users\lenovo\Documents\work\dataset\twitter2015_1114_4\img_split_4\4-split\1703651.jpg</path>
	<source>
		<database>Unknown</database>
	</source>
	<size>
		<width>477</width>
		<height>540</height>
		<depth>3</depth>
	</size>
	<segmented>0</segmented>
	<object>
		<name>scott McCalls</name>
		<pose>Unspecified</pose>
		<truncated>0</truncated>
		<difficult>0</difficult>
		<bndbox>
			<xmin>78</xmin>
			<ymin>65</ymin>
			<xmax>407</xmax>
			<ymax>524</ymax>
		</bndbox>
	</object>
</annotation>
