<annotation>
	<folder>10-split</folder>
	<filename>1708249.jpg</filename>
	<path>D:\研究生\图片标记\twitter2015\img_split_11\10-split\1708249.jpg</path>
	<source>
		<database>Unknown</database>
	</source>
	<size>
		<width>576</width>
		<height>1024</height>
		<depth>3</depth>
	</size>
	<segmented>0</segmented>
	<object>
		<name>Malikoa</name>
		<pose>Unspecified</pose>
		<truncated>0</truncated>
		<difficult>0</difficult>
		<bndbox>
			<xmin>34</xmin>
			<ymin>164</ymin>
			<xmax>97</xmax>
			<ymax>248</ymax>
		</bndbox>
	</object>
</annotation>
