<annotation>
	<folder>10-split</folder>
	<filename>1741072.jpg</filename>
	<path>D:\研究生\图片标记\twitter2015\img_split_11\10-split\1741072.jpg</path>
	<source>
		<database>Unknown</database>
	</source>
	<size>
		<width>600</width>
		<height>337</height>
		<depth>3</depth>
	</size>
	<segmented>0</segmented>
	<object>
		<name>Jimmy Kimmel</name>
		<pose>Unspecified</pose>
		<truncated>1</truncated>
		<difficult>0</difficult>
		<bndbox>
			<xmin>201</xmin>
			<ymin>18</ymin>
			<xmax>418</xmax>
			<ymax>337</ymax>
		</bndbox>
	</object>
</annotation>
