<annotation>
	<folder>10-split</folder>
	<filename>1772282.jpg</filename>
	<path>D:\研究生\图片标记\twitter2015\img_split_11\10-split\1772282.jpg</path>
	<source>
		<database>Unknown</database>
	</source>
	<size>
		<width>500</width>
		<height>230</height>
		<depth>3</depth>
	</size>
	<segmented>0</segmented>
	<object>
		<name>Eunji</name>
		<pose>Unspecified</pose>
		<truncated>1</truncated>
		<difficult>0</difficult>
		<bndbox>
			<xmin>116</xmin>
			<ymin>1</ymin>
			<xmax>439</xmax>
			<ymax>230</ymax>
		</bndbox>
	</object>
</annotation>
