<annotation>
	<folder>10-split</folder>
	<filename>1777259.jpg</filename>
	<path>D:\研究生\图片标记\twitter2015\img_split_11\10-split\1777259.jpg</path>
	<source>
		<database>Unknown</database>
	</source>
	<size>
		<width>600</width>
		<height>450</height>
		<depth>3</depth>
	</size>
	<segmented>0</segmented>
	<object>
		<name>maria baum</name>
		<pose>Unspecified</pose>
		<truncated>1</truncated>
		<difficult>0</difficult>
		<bndbox>
			<xmin>71</xmin>
			<ymin>42</ymin>
			<xmax>240</xmax>
			<ymax>450</ymax>
		</bndbox>
	</object>
</annotation>
