<annotation>
	<folder>5-split</folder>
	<filename>177913.jpg</filename>
	<path>C:\Users\lenovo\Documents\【001】准研\work\dataset\Twitter2015\img_split_11\5-split\177913.jpg</path>
	<source>
		<database>Unknown</database>
	</source>
	<size>
		<width>300</width>
		<height>297</height>
		<depth>3</depth>
	</size>
	<segmented>0</segmented>
	<object>
		<name>Paola Rebeniwti</name>
		<pose>Unspecified</pose>
		<truncated>1</truncated>
		<difficult>0</difficult>
		<bndbox>
			<xmin>22</xmin>
			<ymin>89</ymin>
			<xmax>300</xmax>
			<ymax>297</ymax>
		</bndbox>
	</object>
</annotation>
