<annotation>
	<folder>dev</folder>
	<filename>17_06_11788_region.jpg</filename>
	<path>D:\PyCharm\BERT_NER\data\images\twitter2017_region\dev\17_06_11788_region.jpg</path>
	<source>
		<database>Unknown</database>
	</source>
	<size>
		<width>720</width>
		<height>658</height>
		<depth>3</depth>
	</size>
	<segmented>0</segmented>
	<object>
		<name>Golden state warriors</name>
		<pose>Unspecified</pose>
		<truncated>0</truncated>
		<difficult>0</difficult>
		<bndbox>
			<xmin>252</xmin>
			<ymin>265</ymin>
			<xmax>372</xmax>
			<ymax>596</ymax>
		</bndbox>
	</object>
	<object>
		<name>KDTrey5</name>
		<pose>Unspecified</pose>
		<truncated>1</truncated>
		<difficult>0</difficult>
		<bndbox>
			<xmin>337</xmin>
			<ymin>98</ymin>
			<xmax>720</xmax>
			<ymax>658</ymax>
		</bndbox>
	</object>
	<object>
		<name>StephenCurry30</name>
		<pose>Unspecified</pose>
		<truncated>1</truncated>
		<difficult>0</difficult>
		<bndbox>
			<xmin>38</xmin>
			<ymin>187</ymin>
			<xmax>353</xmax>
			<ymax>658</ymax>
		</bndbox>
	</object>
</annotation>
