<annotation>
	<folder>9-split</folder>
	<filename>17_06_13995.jpg</filename>
	<path>D:\研究生\图片标记\twitter2017_split10\img_split_vinvl_10\9-split\17_06_13995.jpg</path>
	<source>
		<database>Unknown</database>
	</source>
	<size>
		<width>810</width>
		<height>1200</height>
		<depth>3</depth>
	</size>
	<segmented>0</segmented>
	<object>
		<name>Black Panther</name>
		<pose>Unspecified</pose>
		<truncated>0</truncated>
		<difficult>0</difficult>
		<bndbox>
			<xmin>162</xmin>
			<ymin>307</ymin>
			<xmax>650</xmax>
			<ymax>1118</ymax>
		</bndbox>
	</object>
</annotation>
