<annotation>
	<folder>6-split</folder>
	<filename>17_06_6848.jpg</filename>
	<path>D:\研究生\图片标记\twitter2017_split10\img_split_vinvl_10\6-split\17_06_6848.jpg</path>
	<source>
		<database>Unknown</database>
	</source>
	<size>
		<width>636</width>
		<height>421</height>
		<depth>3</depth>
	</size>
	<segmented>0</segmented>
	<object>
		<name>Ariana Grande</name>
		<pose>Unspecified</pose>
		<truncated>1</truncated>
		<difficult>0</difficult>
		<bndbox>
			<xmin>56</xmin>
			<ymin>52</ymin>
			<xmax>391</xmax>
			<ymax>421</ymax>
		</bndbox>
	</object>
</annotation>
