<annotation>
	<folder>10-split</folder>
	<filename>17_06_16151.jpg</filename>
	<path>D:\研究生\图片标记\twitter2017_split10\img_split_vinvl_10\10-split\17_06_16151.jpg</path>
	<source>
		<database>Unknown</database>
	</source>
	<size>
		<width>1024</width>
		<height>710</height>
		<depth>3</depth>
	</size>
	<segmented>0</segmented>
	<object>
		<name>Lorde</name>
		<pose>Unspecified</pose>
		<truncated>1</truncated>
		<difficult>0</difficult>
		<bndbox>
			<xmin>178</xmin>
			<ymin>31</ymin>
			<xmax>785</xmax>
			<ymax>710</ymax>
		</bndbox>
	</object>
</annotation>
