<annotation>
	<folder>9-split</folder>
	<filename>17_06_10870.jpg</filename>
	<path>D:\研究生\图片标记\twitter2017_split10\img_split_vinvl_10\9-split\17_06_10870.jpg</path>
	<source>
		<database>Unknown</database>
	</source>
	<size>
		<width>900</width>
		<height>506</height>
		<depth>3</depth>
	</size>
	<segmented>0</segmented>
	<object>
		<name>Tom Brady</name>
		<pose>Unspecified</pose>
		<truncated>0</truncated>
		<difficult>0</difficult>
		<bndbox>
			<xmin>323</xmin>
			<ymin>13</ymin>
			<xmax>525</xmax>
			<ymax>467</ymax>
		</bndbox>
	</object>
</annotation>
