<annotation>
	<folder>6-split</folder>
	<filename>17_06_5945.jpg</filename>
	<path>D:\研究生\图片标记\twitter2017_split10\img_split_vinvl_10\6-split\17_06_5945.jpg</path>
	<source>
		<database>Unknown</database>
	</source>
	<size>
		<width>450</width>
		<height>600</height>
		<depth>3</depth>
	</size>
	<segmented>0</segmented>
	<object>
		<name>BVB</name>
		<pose>Unspecified</pose>
		<truncated>0</truncated>
		<difficult>0</difficult>
		<bndbox>
			<xmin>273</xmin>
			<ymin>196</ymin>
			<xmax>306</xmax>
			<ymax>233</ymax>
		</bndbox>
	</object>
	<object>
		<name>Borussia Dortmund</name>
		<pose>Unspecified</pose>
		<truncated>0</truncated>
		<difficult>0</difficult>
		<bndbox>
			<xmin>272</xmin>
			<ymin>196</ymin>
			<xmax>308</xmax>
			<ymax>235</ymax>
		</bndbox>
	</object>
</annotation>
