<annotation>
	<folder>6-split</folder>
	<filename>17_06_7980.jpg</filename>
	<path>D:\研究生\图片标记\twitter2017_split10\img_split_vinvl_10\6-split\17_06_7980.jpg</path>
	<source>
		<database>Unknown</database>
	</source>
	<size>
		<width>468</width>
		<height>327</height>
		<depth>3</depth>
	</size>
	<segmented>0</segmented>
	<object>
		<name>Cavaliers</name>
		<pose>Unspecified</pose>
		<truncated>0</truncated>
		<difficult>0</difficult>
		<bndbox>
			<xmin>153</xmin>
			<ymin>294</ymin>
			<xmax>171</xmax>
			<ymax>326</ymax>
		</bndbox>
	</object>
	<object>
		<name>Cavs</name>
		<pose>Unspecified</pose>
		<truncated>0</truncated>
		<difficult>0</difficult>
		<bndbox>
			<xmin>152</xmin>
			<ymin>293</ymin>
			<xmax>172</xmax>
			<ymax>326</ymax>
		</bndbox>
	</object>
</annotation>
