<annotation>
	<folder>10-split</folder>
	<filename>17_06_15857.jpg</filename>
	<path>D:\研究生\图片标记\twitter2017_split10\img_split_vinvl_10\10-split\17_06_15857.jpg</path>
	<source>
		<database>Unknown</database>
	</source>
	<size>
		<width>770</width>
		<height>433</height>
		<depth>3</depth>
	</size>
	<segmented>0</segmented>
	<object>
		<name>Dodgers</name>
		<pose>Unspecified</pose>
		<truncated>0</truncated>
		<difficult>0</difficult>
		<bndbox>
			<xmin>455</xmin>
			<ymin>123</ymin>
			<xmax>557</xmax>
			<ymax>180</ymax>
		</bndbox>
	</object>
	<object>
		<name>Cody Bellinger</name>
		<pose>Unspecified</pose>
		<truncated>0</truncated>
		<difficult>0</difficult>
		<bndbox>
			<xmin>404</xmin>
			<ymin>9</ymin>
			<xmax>762</xmax>
			<ymax>432</ymax>
		</bndbox>
	</object>
</annotation>
