<annotation>
	<folder>5-split</folder>
	<filename>17_06_2144.jpg</filename>
	<path>C:\Users\lenovo\Documents\【001】准研\work\dataset\Twitter2017\split10\img_split_vinvl_10\5-split\17_06_2144.jpg</path>
	<source>
		<database>Unknown</database>
	</source>
	<size>
		<width>1200</width>
		<height>930</height>
		<depth>3</depth>
	</size>
	<segmented>0</segmented>
	<object>
		<name>Cortland Sutton</name>
		<pose>Unspecified</pose>
		<truncated>1</truncated>
		<difficult>0</difficult>
		<bndbox>
			<xmin>391</xmin>
			<ymin>81</ymin>
			<xmax>1089</xmax>
			<ymax>930</ymax>
		</bndbox>
	</object>
</annotation>
