<annotation>
	<folder>dev</folder>
	<filename>17_06_13956_region.jpg</filename>
	<path>D:\PyCharm\BERT_NER\data\images\twitter2017_region\dev\17_06_13956_region.jpg</path>
	<source>
		<database>Unknown</database>
	</source>
	<size>
		<width>1200</width>
		<height>675</height>
		<depth>3</depth>
	</size>
	<segmented>0</segmented>
	<object>
		<name>Cavs</name>
		<pose>Unspecified</pose>
		<truncated>0</truncated>
		<difficult>0</difficult>
		<bndbox>
			<xmin>3</xmin>
			<ymin>92</ymin>
			<xmax>126</xmax>
			<ymax>645</ymax>
		</bndbox>
	</object>
	<object>
		<name>Cavs</name>
		<pose>Unspecified</pose>
		<truncated>1</truncated>
		<difficult>0</difficult>
		<bndbox>
			<xmin>748</xmin>
			<ymin>64</ymin>
			<xmax>968</xmax>
			<ymax>675</ymax>
		</bndbox>
	</object>
	<object>
		<name>Cavs</name>
		<pose>Unspecified</pose>
		<truncated>0</truncated>
		<difficult>0</difficult>
		<bndbox>
			<xmin>208</xmin>
			<ymin>48</ymin>
			<xmax>410</xmax>
			<ymax>661</ymax>
		</bndbox>
	</object>
</annotation>
