<annotation>
	<folder>6-split</folder>
	<filename>17_06_6082.jpg</filename>
	<path>D:\研究生\图片标记\twitter2017_split10\img_split_vinvl_10\6-split\17_06_6082.jpg</path>
	<source>
		<database>Unknown</database>
	</source>
	<size>
		<width>1200</width>
		<height>675</height>
		<depth>3</depth>
	</size>
	<segmented>0</segmented>
	<object>
		<name>Astros</name>
		<pose>Unspecified</pose>
		<truncated>0</truncated>
		<difficult>0</difficult>
		<bndbox>
			<xmin>765</xmin>
			<ymin>258</ymin>
			<xmax>836</xmax>
			<ymax>313</ymax>
		</bndbox>
	</object>
	<object>
		<name>MLB</name>
		<pose>Unspecified</pose>
		<truncated>0</truncated>
		<difficult>0</difficult>
		<bndbox>
			<xmin>314</xmin>
			<ymin>552</ymin>
			<xmax>354</xmax>
			<ymax>576</ymax>
		</bndbox>
	</object>
</annotation>
