<annotation>
	<folder>dev</folder>
	<filename>17_06_4643_region.jpg</filename>
	<path>D:\PyCharm\BERT_NER\data\images\twitter2017_region\dev\17_06_4643_region.jpg</path>
	<source>
		<database>Unknown</database>
	</source>
	<size>
		<width>1200</width>
		<height>998</height>
		<depth>3</depth>
	</size>
	<segmented>0</segmented>
	<object>
		<name>Adidas</name>
		<pose>Unspecified</pose>
		<truncated>1</truncated>
		<difficult>0</difficult>
		<bndbox>
			<xmin>1102</xmin>
			<ymin>183</ymin>
			<xmax>1200</xmax>
			<ymax>314</ymax>
		</bndbox>
	</object>
	<object>
		<name>GoldenStateWarriors</name>
		<pose>Unspecified</pose>
		<truncated>0</truncated>
		<difficult>0</difficult>
		<bndbox>
			<xmin>564</xmin>
			<ymin>40</ymin>
			<xmax>743</xmax>
			<ymax>242</ymax>
		</bndbox>
	</object>
</annotation>
