<annotation>
	<folder>dev</folder>
	<filename>17_06_11628_region.jpg</filename>
	<path>D:\PyCharm\BERT_NER\data\images\twitter2017_region\dev\17_06_11628_region.jpg</path>
	<source>
		<database>Unknown</database>
	</source>
	<size>
		<width>1076</width>
		<height>1074</height>
		<depth>3</depth>
	</size>
	<segmented>0</segmented>
	<object>
		<name>GoldenStateWarriors</name>
		<pose>Unspecified</pose>
		<truncated>0</truncated>
		<difficult>0</difficult>
		<bndbox>
			<xmin>423</xmin>
			<ymin>307</ymin>
			<xmax>623</xmax>
			<ymax>513</ymax>
		</bndbox>
	</object>
</annotation>
