<annotation>
	<folder>9-split</folder>
	<filename>17_06_13571.jpg</filename>
	<path>D:\研究生\图片标记\twitter2017_split10\img_split_vinvl_10\9-split\17_06_13571.jpg</path>
	<source>
		<database>Unknown</database>
	</source>
	<size>
		<width>675</width>
		<height>1200</height>
		<depth>3</depth>
	</size>
	<segmented>0</segmented>
	<object>
		<name>JEProductions</name>
		<pose>Unspecified</pose>
		<truncated>0</truncated>
		<difficult>0</difficult>
		<bndbox>
			<xmin>18</xmin>
			<ymin>177</ymin>
			<xmax>152</xmax>
			<ymax>307</ymax>
		</bndbox>
	</object>
	<object>
		<name>JEProductions</name>
		<pose>Unspecified</pose>
		<truncated>0</truncated>
		<difficult>0</difficult>
		<bndbox>
			<xmin>22</xmin>
			<ymin>689</ymin>
			<xmax>120</xmax>
			<ymax>791</ymax>
		</bndbox>
	</object>
</annotation>
