<annotation>
	<folder>6-split</folder>
	<filename>17_06_6068.jpg</filename>
	<path>D:\研究生\图片标记\twitter2017_split10\img_split_vinvl_10\6-split\17_06_6068.jpg</path>
	<source>
		<database>Unknown</database>
	</source>
	<size>
		<width>1200</width>
		<height>675</height>
		<depth>3</depth>
	</size>
	<segmented>0</segmented>
	<object>
		<name>Draymond Green</name>
		<pose>Unspecified</pose>
		<truncated>1</truncated>
		<difficult>0</difficult>
		<bndbox>
			<xmin>409</xmin>
			<ymin>1</ymin>
			<xmax>1080</xmax>
			<ymax>675</ymax>
		</bndbox>
	</object>
</annotation>
