<annotation>
	<folder>5-split</folder>
	<filename>17_06_4284.jpg</filename>
	<path>C:\Users\lenovo\Documents\【001】准研\work\dataset\Twitter2017\split10\img_split_vinvl_10\5-split\17_06_4284.jpg</path>
	<source>
		<database>Unknown</database>
	</source>
	<size>
		<width>670</width>
		<height>451</height>
		<depth>3</depth>
	</size>
	<segmented>0</segmented>
	<object>
		<name>Kevin Durant</name>
		<pose>Unspecified</pose>
		<truncated>1</truncated>
		<difficult>0</difficult>
		<bndbox>
			<xmin>324</xmin>
			<ymin>22</ymin>
			<xmax>497</xmax>
			<ymax>451</ymax>
		</bndbox>
	</object>
	<object>
		<name>Stephen Curry</name>
		<pose>Unspecified</pose>
		<truncated>1</truncated>
		<difficult>0</difficult>
		<bndbox>
			<xmin>556</xmin>
			<ymin>100</ymin>
			<xmax>670</xmax>
			<ymax>451</ymax>
		</bndbox>
	</object>
</annotation>
