<annotation>
	<folder>5-split</folder>
	<filename>17_06_3850.jpg</filename>
	<path>C:\Users\lenovo\Documents\【001】准研\work\dataset\Twitter2017\split10\img_split_vinvl_10\5-split\17_06_3850.jpg</path>
	<source>
		<database>Unknown</database>
	</source>
	<size>
		<width>1200</width>
		<height>1200</height>
		<depth>3</depth>
	</size>
	<segmented>0</segmented>
	<object>
		<name>Martin Sorrell</name>
		<pose>Unspecified</pose>
		<truncated>0</truncated>
		<difficult>0</difficult>
		<bndbox>
			<xmin>430</xmin>
			<ymin>588</ymin>
			<xmax>673</xmax>
			<ymax>979</ymax>
		</bndbox>
	</object>
</annotation>
