<annotation>
	<folder>9-split</folder>
	<filename>17_06_11549.jpg</filename>
	<path>D:\研究生\图片标记\twitter2017_split10\img_split_vinvl_10\9-split\17_06_11549.jpg</path>
	<source>
		<database>Unknown</database>
	</source>
	<size>
		<width>1200</width>
		<height>806</height>
		<depth>3</depth>
	</size>
	<segmented>0</segmented>
	<object>
		<name>greenbananaseo</name>
		<pose>Unspecified</pose>
		<truncated>0</truncated>
		<difficult>0</difficult>
		<bndbox>
			<xmin>745</xmin>
			<ymin>80</ymin>
			<xmax>1063</xmax>
			<ymax>145</ymax>
		</bndbox>
	</object>
</annotation>
