<annotation>
	<folder>6-split</folder>
	<filename>17_06_7228.jpg</filename>
	<path>D:\研究生\图片标记\twitter2017_split10\img_split_vinvl_10\6-split\17_06_7228.jpg</path>
	<source>
		<database>Unknown</database>
	</source>
	<size>
		<width>662</width>
		<height>441</height>
		<depth>3</depth>
	</size>
	<segmented>0</segmented>
	<object>
		<name>Mubarak Wakaso</name>
		<pose>Unspecified</pose>
		<truncated>0</truncated>
		<difficult>0</difficult>
		<bndbox>
			<xmin>144</xmin>
			<ymin>12</ymin>
			<xmax>348</xmax>
			<ymax>424</ymax>
		</bndbox>
	</object>
</annotation>
