<annotation>
	<folder>9-split</folder>
	<filename>17_06_15472.jpg</filename>
	<path>D:\研究生\图片标记\twitter2017_split10\img_split_vinvl_10\9-split\17_06_15472.jpg</path>
	<source>
		<database>Unknown</database>
	</source>
	<size>
		<width>833</width>
		<height>1200</height>
		<depth>3</depth>
	</size>
	<segmented>0</segmented>
	<object>
		<name>DownloadFest</name>
		<pose>Unspecified</pose>
		<truncated>0</truncated>
		<difficult>0</difficult>
		<bndbox>
			<xmin>226</xmin>
			<ymin>25</ymin>
			<xmax>603</xmax>
			<ymax>248</ymax>
		</bndbox>
	</object>
	<object>
		<name>downloadfestival</name>
		<pose>Unspecified</pose>
		<truncated>0</truncated>
		<difficult>0</difficult>
		<bndbox>
			<xmin>228</xmin>
			<ymin>21</ymin>
			<xmax>606</xmax>
			<ymax>254</ymax>
		</bndbox>
	</object>
</annotation>
