<annotation>
	<folder>dev</folder>
	<filename>17_06_1667_region.jpg</filename>
	<path>D:\PyCharm\BERT_NER\data\images\twitter2017_region\dev\17_06_1667_region.jpg</path>
	<source>
		<database>Unknown</database>
	</source>
	<size>
		<width>960</width>
		<height>720</height>
		<depth>3</depth>
	</size>
	<segmented>0</segmented>
	<object>
		<name>RiverfordPorts</name>
		<pose>Unspecified</pose>
		<truncated>1</truncated>
		<difficult>0</difficult>
		<bndbox>
			<xmin>1</xmin>
			<ymin>378</ymin>
			<xmax>550</xmax>
			<ymax>608</ymax>
		</bndbox>
	</object>
</annotation>
