<annotation>
	<folder>5-split</folder>
	<filename>181698.jpg</filename>
	<path>C:\Users\lenovo\Documents\【001】准研\work\dataset\Twitter2015\img_split_11\5-split\181698.jpg</path>
	<source>
		<database>Unknown</database>
	</source>
	<size>
		<width>600</width>
		<height>510</height>
		<depth>3</depth>
	</size>
	<segmented>0</segmented>
	<object>
		<name>Kate Hudson</name>
		<pose>Unspecified</pose>
		<truncated>1</truncated>
		<difficult>0</difficult>
		<bndbox>
			<xmin>62</xmin>
			<ymin>9</ymin>
			<xmax>274</xmax>
			<ymax>510</ymax>
		</bndbox>
	</object>
	<object>
		<name>Kate Hudson</name>
		<pose>Unspecified</pose>
		<truncated>1</truncated>
		<difficult>0</difficult>
		<bndbox>
			<xmin>354</xmin>
			<ymin>9</ymin>
			<xmax>600</xmax>
			<ymax>510</ymax>
		</bndbox>
	</object>
</annotation>
