<annotation>
	<folder>11-split</folder>
	<filename>1825064.jpg</filename>
	<path>D:\研究生\图片标记\twitter2015\img_split_11\11-split\1825064.jpg</path>
	<source>
		<database>Unknown</database>
	</source>
	<size>
		<width>600</width>
		<height>900</height>
		<depth>3</depth>
	</size>
	<segmented>0</segmented>
	<object>
		<name>Joe Satriani</name>
		<pose>Unspecified</pose>
		<truncated>0</truncated>
		<difficult>0</difficult>
		<bndbox>
			<xmin>111</xmin>
			<ymin>73</ymin>
			<xmax>423</xmax>
			<ymax>805</ymax>
		</bndbox>
	</object>
</annotation>
