<annotation>
	<folder>4-split</folder>
	<filename>1856260.jpg</filename>
	<path>C:\Users\lenovo\Documents\work\dataset\twitter2015_1114_4\img_split_4\4-split\1856260.jpg</path>
	<source>
		<database>Unknown</database>
	</source>
	<size>
		<width>600</width>
		<height>426</height>
		<depth>3</depth>
	</size>
	<segmented>0</segmented>
	<object>
		<name>Brice Johnson</name>
		<pose>Unspecified</pose>
		<truncated>0</truncated>
		<difficult>0</difficult>
		<bndbox>
			<xmin>136</xmin>
			<ymin>31</ymin>
			<xmax>543</xmax>
			<ymax>414</ymax>
		</bndbox>
	</object>
</annotation>
