<annotation>
	<folder>11-split</folder>
	<filename>2060010.jpg</filename>
	<path>D:\研究生\图片标记\twitter2015\img_split_11\11-split\2060010.jpg</path>
	<source>
		<database>Unknown</database>
	</source>
	<size>
		<width>599</width>
		<height>337</height>
		<depth>3</depth>
	</size>
	<segmented>0</segmented>
	<object>
		<name>Colin Powell</name>
		<pose>Unspecified</pose>
		<truncated>1</truncated>
		<difficult>0</difficult>
		<bndbox>
			<xmin>3</xmin>
			<ymin>10</ymin>
			<xmax>504</xmax>
			<ymax>337</ymax>
		</bndbox>
	</object>
</annotation>
