<annotation>
	<folder>4-split</folder>
	<filename>2096433.jpg</filename>
	<path>C:\Users\lenovo\Documents\work\dataset\twitter2015_1114_4\img_split_4\4-split\2096433.jpg</path>
	<source>
		<database>Unknown</database>
	</source>
	<size>
		<width>600</width>
		<height>428</height>
		<depth>3</depth>
	</size>
	<segmented>0</segmented>
	<object>
		<name>CDC Office of Public Health Genomics</name>
		<pose>Unspecified</pose>
		<truncated>0</truncated>
		<difficult>0</difficult>
		<bndbox>
			<xmin>7</xmin>
			<ymin>11</ymin>
			<xmax>289</xmax>
			<ymax>38</ymax>
		</bndbox>
	</object>
	<object>
		<name>CDC Office of Public Health Genomics</name>
		<pose>Unspecified</pose>
		<truncated>0</truncated>
		<difficult>0</difficult>
		<bndbox>
			<xmin>8</xmin>
			<ymin>12</ymin>
			<xmax>52</xmax>
			<ymax>38</ymax>
		</bndbox>
	</object>
</annotation>
