<annotation>
	<folder>5-split</folder>
	<filename>217284.jpg</filename>
	<path>C:\Users\lenovo\Documents\【001】准研\work\dataset\Twitter2015\img_split_11\5-split\217284.jpg</path>
	<source>
		<database>Unknown</database>
	</source>
	<size>
		<width>592</width>
		<height>334</height>
		<depth>3</depth>
	</size>
	<segmented>0</segmented>
	<object>
		<name>Brian</name>
		<pose>Unspecified</pose>
		<truncated>1</truncated>
		<difficult>0</difficult>
		<bndbox>
			<xmin>241</xmin>
			<ymin>4</ymin>
			<xmax>452</xmax>
			<ymax>334</ymax>
		</bndbox>
	</object>
</annotation>
