<annotation>
	<folder>1-split</folder>
	<filename>22409.jpg</filename>
	<path>C:\Users\lenovo\Documents\【001】准研\work\dataset\Twitter2015\img_split_11\1-split\22409.jpg</path>
	<source>
		<database>Unknown</database>
	</source>
	<size>
		<width>600</width>
		<height>300</height>
		<depth>3</depth>
	</size>
	<segmented>0</segmented>
	<object>
		<name>New Eagles</name>
		<pose>Unspecified</pose>
		<truncated>1</truncated>
		<difficult>0</difficult>
		<bndbox>
			<xmin>193</xmin>
			<ymin>5</ymin>
			<xmax>600</xmax>
			<ymax>271</ymax>
		</bndbox>
	</object>
	<object>
		<name>Byron Maxwell</name>
		<pose>Unspecified</pose>
		<truncated>1</truncated>
		<difficult>0</difficult>
		<bndbox>
			<xmin>222</xmin>
			<ymin>4</ymin>
			<xmax>549</xmax>
			<ymax>300</ymax>
		</bndbox>
	</object>
</annotation>
