<annotation>
	<folder>2-split</folder>
	<filename>245058.jpg</filename>
	<path>D:\研究生\图片标记\twitter2015_1114_4\img_split_4\2-split\245058.jpg</path>
	<source>
		<database>Unknown</database>
	</source>
	<size>
		<width>600</width>
		<height>338</height>
		<depth>3</depth>
	</size>
	<segmented>0</segmented>
	<object>
		<name>Barry Manilow</name>
		<pose>Unspecified</pose>
		<truncated>1</truncated>
		<difficult>0</difficult>
		<bndbox>
			<xmin>264</xmin>
			<ymin>55</ymin>
			<xmax>367</xmax>
			<ymax>338</ymax>
		</bndbox>
	</object>
</annotation>
