<annotation>
	<folder>2-split</folder>
	<filename>31933.jpg</filename>
	<path>C:\Users\lenovo\Documents\【001】准研\work\dataset\Twitter2015\img_split_11\2-split\31933.jpg</path>
	<source>
		<database>Unknown</database>
	</source>
	<size>
		<width>598</width>
		<height>364</height>
		<depth>3</depth>
	</size>
	<segmented>0</segmented>
	<object>
		<name>Yip Man</name>
		<pose>Unspecified</pose>
		<truncated>1</truncated>
		<difficult>0</difficult>
		<bndbox>
			<xmin>266</xmin>
			<ymin>90</ymin>
			<xmax>576</xmax>
			<ymax>364</ymax>
		</bndbox>
	</object>
	<object>
		<name>Bruce Lee</name>
		<pose>Unspecified</pose>
		<truncated>1</truncated>
		<difficult>0</difficult>
		<bndbox>
			<xmin>85</xmin>
			<ymin>35</ymin>
			<xmax>379</xmax>
			<ymax>364</ymax>
		</bndbox>
	</object>
</annotation>
