<annotation>
	<folder>1-split</folder>
	<filename>35599.jpg</filename>
	<path>D:\Desktop\Document\Postgraduate\NUSTM\数据标注\twitter2015_1114_3\img_split_3\1-split\35599.jpg</path>
	<source>
		<database>Unknown</database>
	</source>
	<size>
		<width>600</width>
		<height>331</height>
		<depth>3</depth>
	</size>
	<segmented>0</segmented>
	<object>
		<name>Apple</name>
		<pose>Unspecified</pose>
		<truncated>0</truncated>
		<difficult>0</difficult>
		<bndbox>
			<xmin>29</xmin>
			<ymin>91</ymin>
			<xmax>132</xmax>
			<ymax>219</ymax>
		</bndbox>
	</object>
	<object>
		<name>Google</name>
		<pose>Unspecified</pose>
		<truncated>0</truncated>
		<difficult>0</difficult>
		<bndbox>
			<xmin>219</xmin>
			<ymin>106</ymin>
			<xmax>585</xmax>
			<ymax>231</ymax>
		</bndbox>
	</object>
</annotation>
