<annotation>
	<folder>6-split</folder>
	<filename>363897.jpg</filename>
	<path>D:\研究生\图片标记\twitter2015\img_split_11\6-split\363897.jpg</path>
	<source>
		<database>Unknown</database>
	</source>
	<size>
		<width>600</width>
		<height>400</height>
		<depth>3</depth>
	</size>
	<segmented>0</segmented>
	<object>
		<name>DP Ruto</name>
		<pose>Unspecified</pose>
		<truncated>1</truncated>
		<difficult>0</difficult>
		<bndbox>
			<xmin>142</xmin>
			<ymin>9</ymin>
			<xmax>591</xmax>
			<ymax>400</ymax>
		</bndbox>
	</object>
</annotation>
