<annotation>
	<folder>6-split</folder>
	<filename>371129.jpg</filename>
	<path>D:\研究生\图片标记\twitter2015\img_split_11\6-split\371129.jpg</path>
	<source>
		<database>Unknown</database>
	</source>
	<size>
		<width>577</width>
		<height>1024</height>
		<depth>3</depth>
	</size>
	<segmented>0</segmented>
	<object>
		<name>Bruce Jenner</name>
		<pose>Unspecified</pose>
		<truncated>0</truncated>
		<difficult>0</difficult>
		<bndbox>
			<xmin>110</xmin>
			<ymin>188</ymin>
			<xmax>479</xmax>
			<ymax>924</ymax>
		</bndbox>
	</object>
</annotation>
