<annotation>
	<folder>6-split</folder>
	<filename>405380.jpg</filename>
	<path>D:\研究生\图片标记\twitter2015\img_split_11\6-split\405380.jpg</path>
	<source>
		<database>Unknown</database>
	</source>
	<size>
		<width>348</width>
		<height>548</height>
		<depth>3</depth>
	</size>
	<segmented>0</segmented>
	<object>
		<name>Thierry Henry</name>
		<pose>Unspecified</pose>
		<truncated>1</truncated>
		<difficult>0</difficult>
		<bndbox>
			<xmin>84</xmin>
			<ymin>158</ymin>
			<xmax>286</xmax>
			<ymax>548</ymax>
		</bndbox>
	</object>
</annotation>
