<annotation>
	<folder>6-split</folder>
	<filename>412946.jpg</filename>
	<path>D:\研究生\图片标记\twitter2015\img_split_11\6-split\412946.jpg</path>
	<source>
		<database>Unknown</database>
	</source>
	<size>
		<width>600</width>
		<height>600</height>
		<depth>3</depth>
	</size>
	<segmented>0</segmented>
	<object>
		<name>Santa</name>
		<pose>Unspecified</pose>
		<truncated>0</truncated>
		<difficult>0</difficult>
		<bndbox>
			<xmin>125</xmin>
			<ymin>49</ymin>
			<xmax>286</xmax>
			<ymax>320</ymax>
		</bndbox>
	</object>
	<object>
		<name>Santa</name>
		<pose>Unspecified</pose>
		<truncated>0</truncated>
		<difficult>0</difficult>
		<bndbox>
			<xmin>443</xmin>
			<ymin>46</ymin>
			<xmax>579</xmax>
			<ymax>577</ymax>
		</bndbox>
	</object>
</annotation>
