<annotation>
	<folder>2-split</folder>
	<filename>414312.jpg</filename>
	<path>D:\研究生\图片标记\twitter2015_1114_4\img_split_4\2-split\414312.jpg</path>
	<source>
		<database>Unknown</database>
	</source>
	<size>
		<width>600</width>
		<height>600</height>
		<depth>3</depth>
	</size>
	<segmented>0</segmented>
	<object>
		<name>Fiat 500</name>
		<pose>Unspecified</pose>
		<truncated>0</truncated>
		<difficult>0</difficult>
		<bndbox>
			<xmin>60</xmin>
			<ymin>247</ymin>
			<xmax>500</xmax>
			<ymax>520</ymax>
		</bndbox>
	</object>
</annotation>
