<annotation>
	<folder>6-split</folder>
	<filename>423623.jpg</filename>
	<path>D:\研究生\图片标记\twitter2015\img_split_11\6-split\423623.jpg</path>
	<source>
		<database>Unknown</database>
	</source>
	<size>
		<width>600</width>
		<height>318</height>
		<depth>3</depth>
	</size>
	<segmented>0</segmented>
	<object>
		<name>The White House</name>
		<pose>Unspecified</pose>
		<truncated>0</truncated>
		<difficult>0</difficult>
		<bndbox>
			<xmin>71</xmin>
			<ymin>17</ymin>
			<xmax>552</xmax>
			<ymax>260</ymax>
		</bndbox>
	</object>
</annotation>
