<annotation>
	<folder>6-split</folder>
	<filename>440193.jpg</filename>
	<path>D:\研究生\图片标记\twitter2015\img_split_11\6-split\440193.jpg</path>
	<source>
		<database>Unknown</database>
	</source>
	<size>
		<width>600</width>
		<height>776</height>
		<depth>3</depth>
	</size>
	<segmented>0</segmented>
	<object>
		<name>Katy Park</name>
		<pose>Unspecified</pose>
		<truncated>0</truncated>
		<difficult>0</difficult>
		<bndbox>
			<xmin>6</xmin>
			<ymin>14</ymin>
			<xmax>590</xmax>
			<ymax>747</ymax>
		</bndbox>
	</object>
</annotation>
