<annotation>
	<folder>1-split</folder>
	<filename>44773.jpg</filename>
	<path>D:\研究生\图片标记\twitter2015_1114_4\img_split_4\1-split\44773.jpg</path>
	<source>
		<database>Unknown</database>
	</source>
	<size>
		<width>600</width>
		<height>387</height>
		<depth>3</depth>
	</size>
	<segmented>0</segmented>
	<object>
		<name>Rollie Fingers</name>
		<pose>Unspecified</pose>
		<truncated>1</truncated>
		<difficult>0</difficult>
		<bndbox>
			<xmin>108</xmin>
			<ymin>32</ymin>
			<xmax>464</xmax>
			<ymax>387</ymax>
		</bndbox>
	</object>
</annotation>
