<annotation>
	<folder>6-split</folder>
	<filename>460492.jpg</filename>
	<path>D:\研究生\图片标记\twitter2015\img_split_11\6-split\460492.jpg</path>
	<source>
		<database>Unknown</database>
	</source>
	<size>
		<width>600</width>
		<height>450</height>
		<depth>3</depth>
	</size>
	<segmented>0</segmented>
	<object>
		<name>Miss New Jeresy</name>
		<pose>Unspecified</pose>
		<truncated>1</truncated>
		<difficult>0</difficult>
		<bndbox>
			<xmin>1</xmin>
			<ymin>24</ymin>
			<xmax>317</xmax>
			<ymax>345</ymax>
		</bndbox>
	</object>
</annotation>
