<annotation>
	<folder>6-split</folder>
	<filename>464150.jpg</filename>
	<path>D:\研究生\图片标记\twitter2015\img_split_11\6-split\464150.jpg</path>
	<source>
		<database>Unknown</database>
	</source>
	<size>
		<width>600</width>
		<height>450</height>
		<depth>3</depth>
	</size>
	<segmented>0</segmented>
	<object>
		<name>Ivana Hall</name>
		<pose>Unspecified</pose>
		<truncated>0</truncated>
		<difficult>0</difficult>
		<bndbox>
			<xmin>34</xmin>
			<ymin>17</ymin>
			<xmax>221</xmax>
			<ymax>223</ymax>
		</bndbox>
	</object>
	<object>
		<name>Ivana Hall</name>
		<pose>Unspecified</pose>
		<truncated>0</truncated>
		<difficult>0</difficult>
		<bndbox>
			<xmin>395</xmin>
			<ymin>14</ymin>
			<xmax>497</xmax>
			<ymax>220</ymax>
		</bndbox>
	</object>
	<object>
		<name>Ivana Hall</name>
		<pose>Unspecified</pose>
		<truncated>0</truncated>
		<difficult>0</difficult>
		<bndbox>
			<xmin>60</xmin>
			<ymin>236</ymin>
			<xmax>178</xmax>
			<ymax>445</ymax>
		</bndbox>
	</object>
	<object>
		<name>Ivana Hall</name>
		<pose>Unspecified</pose>
		<truncated>0</truncated>
		<difficult>0</difficult>
		<bndbox>
			<xmin>203</xmin>
			<ymin>228</ymin>
			<xmax>397</xmax>
			<ymax>445</ymax>
		</bndbox>
	</object>
	<object>
		<name>Ivana Hall</name>
		<pose>Unspecified</pose>
		<truncated>0</truncated>
		<difficult>0</difficult>
		<bndbox>
			<xmin>446</xmin>
			<ymin>235</ymin>
			<xmax>564</xmax>
			<ymax>444</ymax>
		</bndbox>
	</object>
	<object>
		<name>Ivana</name>
		<pose>Unspecified</pose>
		<truncated>0</truncated>
		<difficult>0</difficult>
		<bndbox>
			<xmin>37</xmin>
			<ymin>17</ymin>
			<xmax>221</xmax>
			<ymax>223</ymax>
		</bndbox>
	</object>
	<object>
		<name>Ivana</name>
		<pose>Unspecified</pose>
		<truncated>0</truncated>
		<difficult>0</difficult>
		<bndbox>
			<xmin>394</xmin>
			<ymin>13</ymin>
			<xmax>499</xmax>
			<ymax>220</ymax>
		</bndbox>
	</object>
	<object>
		<name>Ivana</name>
		<pose>Unspecified</pose>
		<truncated>0</truncated>
		<difficult>0</difficult>
		<bndbox>
			<xmin>60</xmin>
			<ymin>236</ymin>
			<xmax>180</xmax>
			<ymax>444</ymax>
		</bndbox>
	</object>
	<object>
		<name>Ivana</name>
		<pose>Unspecified</pose>
		<truncated>0</truncated>
		<difficult>0</difficult>
		<bndbox>
			<xmin>204</xmin>
			<ymin>228</ymin>
			<xmax>396</xmax>
			<ymax>443</ymax>
		</bndbox>
	</object>
	<object>
		<name>Ivana</name>
		<pose>Unspecified</pose>
		<truncated>0</truncated>
		<difficult>0</difficult>
		<bndbox>
			<xmin>445</xmin>
			<ymin>235</ymin>
			<xmax>563</xmax>
			<ymax>445</ymax>
		</bndbox>
	</object>
</annotation>
