<annotation>
	<folder>6-split</folder>
	<filename>475049.jpg</filename>
	<path>D:\研究生\图片标记\twitter2015\img_split_11\6-split\475049.jpg</path>
	<source>
		<database>Unknown</database>
	</source>
	<size>
		<width>600</width>
		<height>640</height>
		<depth>3</depth>
	</size>
	<segmented>0</segmented>
	<object>
		<name>San Francisco City Hall</name>
		<pose>Unspecified</pose>
		<truncated>1</truncated>
		<difficult>0</difficult>
		<bndbox>
			<xmin>1</xmin>
			<ymin>339</ymin>
			<xmax>597</xmax>
			<ymax>631</ymax>
		</bndbox>
	</object>
</annotation>
