<annotation>
	<folder>6-split</folder>
	<filename>480599.jpg</filename>
	<path>D:\研究生\图片标记\twitter2015\img_split_11\6-split\480599.jpg</path>
	<source>
		<database>Unknown</database>
	</source>
	<size>
		<width>600</width>
		<height>439</height>
		<depth>3</depth>
	</size>
	<segmented>0</segmented>
	<object>
		<name>NFL</name>
		<pose>Unspecified</pose>
		<truncated>0</truncated>
		<difficult>0</difficult>
		<bndbox>
			<xmin>271</xmin>
			<ymin>215</ymin>
			<xmax>286</xmax>
			<ymax>235</ymax>
		</bndbox>
	</object>
</annotation>
