<annotation>
	<folder>6-split</folder>
	<filename>485351.jpg</filename>
	<path>D:\研究生\图片标记\twitter2015\img_split_11\6-split\485351.jpg</path>
	<source>
		<database>Unknown</database>
	</source>
	<size>
		<width>600</width>
		<height>373</height>
		<depth>3</depth>
	</size>
	<segmented>0</segmented>
	<object>
		<name>Pluto</name>
		<pose>Unspecified</pose>
		<truncated>0</truncated>
		<difficult>0</difficult>
		<bndbox>
			<xmin>311</xmin>
			<ymin>69</ymin>
			<xmax>542</xmax>
			<ymax>303</ymax>
		</bndbox>
	</object>
</annotation>
