<annotation>
	<folder>3-split</folder>
	<filename>487815.jpg</filename>
	<path>C:\Users\lenovo\Documents\work\dataset\twitter2015_1114_4\img_split_4\3-split\487815.jpg</path>
	<source>
		<database>Unknown</database>
	</source>
	<size>
		<width>600</width>
		<height>338</height>
		<depth>3</depth>
	</size>
	<segmented>0</segmented>
	<object>
		<name>Nirvana</name>
		<pose>Unspecified</pose>
		<truncated>1</truncated>
		<difficult>0</difficult>
		<bndbox>
			<xmin>7</xmin>
			<ymin>1</ymin>
			<xmax>562</xmax>
			<ymax>338</ymax>
		</bndbox>
	</object>
	<object>
		<name>Kurt Cobain</name>
		<pose>Unspecified</pose>
		<truncated>1</truncated>
		<difficult>0</difficult>
		<bndbox>
			<xmin>417</xmin>
			<ymin>53</ymin>
			<xmax>561</xmax>
			<ymax>338</ymax>
		</bndbox>
	</object>
</annotation>
