<annotation>
	<folder>2-split</folder>
	<filename>495989.jpg</filename>
	<path>D:\Desktop\Document\Postgraduate\NUSTM\数据标注\twitter2015_1114_3\img_split_3\2-split\495989.jpg</path>
	<source>
		<database>Unknown</database>
	</source>
	<size>
		<width>600</width>
		<height>600</height>
		<depth>3</depth>
	</size>
	<segmented>0</segmented>
	<object>
		<name>Manchester United</name>
		<pose>Unspecified</pose>
		<truncated>0</truncated>
		<difficult>0</difficult>
		<bndbox>
			<xmin>156</xmin>
			<ymin>315</ymin>
			<xmax>275</xmax>
			<ymax>439</ymax>
		</bndbox>
	</object>
</annotation>
