<annotation>
	<folder>6-split</folder>
	<filename>507970.jpg</filename>
	<path>D:\研究生\图片标记\twitter2015\img_split_11\6-split\507970.jpg</path>
	<source>
		<database>Unknown</database>
	</source>
	<size>
		<width>600</width>
		<height>450</height>
		<depth>3</depth>
	</size>
	<segmented>0</segmented>
	<object>
		<name>Preds</name>
		<pose>Unspecified</pose>
		<truncated>0</truncated>
		<difficult>0</difficult>
		<bndbox>
			<xmin>215</xmin>
			<ymin>288</ymin>
			<xmax>401</xmax>
			<ymax>338</ymax>
		</bndbox>
	</object>
</annotation>
