<annotation>
	<folder>2-split</folder>
	<filename>513696.jpg</filename>
	<path>D:\Desktop\Document\Postgraduate\NUSTM\数据标注\twitter2015_1114_3\img_split_3\2-split\513696.jpg</path>
	<source>
		<database>Unknown</database>
	</source>
	<size>
		<width>600</width>
		<height>412</height>
		<depth>3</depth>
	</size>
	<segmented>0</segmented>
	<object>
		<name>NC State</name>
		<pose>Unspecified</pose>
		<truncated>0</truncated>
		<difficult>0</difficult>
		<bndbox>
			<xmin>120</xmin>
			<ymin>68</ymin>
			<xmax>146</xmax>
			<ymax>106</ymax>
		</bndbox>
	</object>
	<object>
		<name>NC State</name>
		<pose>Unspecified</pose>
		<truncated>0</truncated>
		<difficult>0</difficult>
		<bndbox>
			<xmin>522</xmin>
			<ymin>16</ymin>
			<xmax>550</xmax>
			<ymax>46</ymax>
		</bndbox>
	</object>
	<object>
		<name>NC State</name>
		<pose>Unspecified</pose>
		<truncated>0</truncated>
		<difficult>0</difficult>
		<bndbox>
			<xmin>378</xmin>
			<ymin>122</ymin>
			<xmax>401</xmax>
			<ymax>153</ymax>
		</bndbox>
	</object>
	<object>
		<name>NC State</name>
		<pose>Unspecified</pose>
		<truncated>0</truncated>
		<difficult>0</difficult>
		<bndbox>
			<xmin>182</xmin>
			<ymin>91</ymin>
			<xmax>201</xmax>
			<ymax>120</ymax>
		</bndbox>
	</object>
</annotation>
