<annotation>
	<folder>7-split</folder>
	<filename>516317.jpg</filename>
	<path>D:\研究生\图片标记\twitter2015\img_split_11\7-split\516317.jpg</path>
	<source>
		<database>Unknown</database>
	</source>
	<size>
		<width>600</width>
		<height>600</height>
		<depth>3</depth>
	</size>
	<segmented>0</segmented>
	<object>
		<name>Marian Pledger</name>
		<pose>Unspecified</pose>
		<truncated>1</truncated>
		<difficult>0</difficult>
		<bndbox>
			<xmin>101</xmin>
			<ymin>102</ymin>
			<xmax>481</xmax>
			<ymax>600</ymax>
		</bndbox>
	</object>
</annotation>
