<annotation>
	<folder>7-split</folder>
	<filename>532698.jpg</filename>
	<path>D:\研究生\图片标记\twitter2015\img_split_11\7-split\532698.jpg</path>
	<source>
		<database>Unknown</database>
	</source>
	<size>
		<width>480</width>
		<height>360</height>
		<depth>3</depth>
	</size>
	<segmented>0</segmented>
	<object>
		<name>Jeb Bush</name>
		<pose>Unspecified</pose>
		<truncated>0</truncated>
		<difficult>0</difficult>
		<bndbox>
			<xmin>185</xmin>
			<ymin>69</ymin>
			<xmax>310</xmax>
			<ymax>300</ymax>
		</bndbox>
	</object>
</annotation>
