<annotation>
	<folder>7-split</folder>
	<filename>540353.jpg</filename>
	<path>D:\研究生\图片标记\twitter2015\img_split_11\7-split\540353.jpg</path>
	<source>
		<database>Unknown</database>
	</source>
	<size>
		<width>600</width>
		<height>600</height>
		<depth>3</depth>
	</size>
	<segmented>0</segmented>
	<object>
		<name>Pecan Madeleines</name>
		<pose>Unspecified</pose>
		<truncated>1</truncated>
		<difficult>0</difficult>
		<bndbox>
			<xmin>1</xmin>
			<ymin>1</ymin>
			<xmax>598</xmax>
			<ymax>596</ymax>
		</bndbox>
	</object>
</annotation>
