<annotation>
	<folder>7-split</folder>
	<filename>547370.jpg</filename>
	<path>D:\研究生\图片标记\twitter2015\img_split_11\7-split\547370.jpg</path>
	<source>
		<database>Unknown</database>
	</source>
	<size>
		<width>600</width>
		<height>800</height>
		<depth>3</depth>
	</size>
	<segmented>0</segmented>
	<object>
		<name>Lucy</name>
		<pose>Unspecified</pose>
		<truncated>0</truncated>
		<difficult>0</difficult>
		<bndbox>
			<xmin>74</xmin>
			<ymin>12</ymin>
			<xmax>428</xmax>
			<ymax>669</ymax>
		</bndbox>
	</object>
</annotation>
