<annotation>
	<folder>7-split</folder>
	<filename>548055.jpg</filename>
	<path>D:\研究生\图片标记\twitter2015\img_split_11\7-split\548055.jpg</path>
	<source>
		<database>Unknown</database>
	</source>
	<size>
		<width>576</width>
		<height>1024</height>
		<depth>3</depth>
	</size>
	<segmented>0</segmented>
	<object>
		<name>Derrick Rose</name>
		<pose>Unspecified</pose>
		<truncated>0</truncated>
		<difficult>0</difficult>
		<bndbox>
			<xmin>306</xmin>
			<ymin>440</ymin>
			<xmax>538</xmax>
			<ymax>688</ymax>
		</bndbox>
	</object>
</annotation>
