<annotation>
	<folder>7-split</folder>
	<filename>562251.jpg</filename>
	<path>D:\研究生\图片标记\twitter2015\img_split_11\7-split\562251.jpg</path>
	<source>
		<database>Unknown</database>
	</source>
	<size>
		<width>600</width>
		<height>338</height>
		<depth>3</depth>
	</size>
	<segmented>0</segmented>
	<object>
		<name>Samsung Galaxy J1</name>
		<pose>Unspecified</pose>
		<truncated>0</truncated>
		<difficult>0</difficult>
		<bndbox>
			<xmin>67</xmin>
			<ymin>4</ymin>
			<xmax>451</xmax>
			<ymax>322</ymax>
		</bndbox>
	</object>
</annotation>
