<annotation>
	<folder>7-split</folder>
	<filename>565853.jpg</filename>
	<path>D:\研究生\图片标记\twitter2015\img_split_11\7-split\565853.jpg</path>
	<source>
		<database>Unknown</database>
	</source>
	<size>
		<width>599</width>
		<height>395</height>
		<depth>3</depth>
	</size>
	<segmented>0</segmented>
	<object>
		<name>Shiv Chanderpaul</name>
		<pose>Unspecified</pose>
		<truncated>1</truncated>
		<difficult>0</difficult>
		<bndbox>
			<xmin>14</xmin>
			<ymin>250</ymin>
			<xmax>256</xmax>
			<ymax>395</ymax>
		</bndbox>
	</object>
</annotation>
