<annotation>
	<folder>7-split</folder>
	<filename>575711.jpg</filename>
	<path>D:\研究生\图片标记\twitter2015\img_split_11\7-split\575711.jpg</path>
	<source>
		<database>Unknown</database>
	</source>
	<size>
		<width>600</width>
		<height>425</height>
		<depth>3</depth>
	</size>
	<segmented>0</segmented>
	<object>
		<name>Poudre School District App</name>
		<pose>Unspecified</pose>
		<truncated>0</truncated>
		<difficult>0</difficult>
		<bndbox>
			<xmin>482</xmin>
			<ymin>32</ymin>
			<xmax>598</xmax>
			<ymax>161</ymax>
		</bndbox>
	</object>
</annotation>
