<annotation>
	<folder>7-split</folder>
	<filename>575705.jpg</filename>
	<path>D:\研究生\图片标记\twitter2015\img_split_11\7-split\575705.jpg</path>
	<source>
		<database>Unknown</database>
	</source>
	<size>
		<width>600</width>
		<height>800</height>
		<depth>3</depth>
	</size>
	<segmented>0</segmented>
	<object>
		<name>Mr Christopher Kieffer</name>
		<pose>Unspecified</pose>
		<truncated>0</truncated>
		<difficult>0</difficult>
		<bndbox>
			<xmin>151</xmin>
			<ymin>244</ymin>
			<xmax>373</xmax>
			<ymax>523</ymax>
		</bndbox>
	</object>
</annotation>
