<annotation>
	<folder>7-split</folder>
	<filename>600094.jpg</filename>
	<path>D:\研究生\图片标记\twitter2015\img_split_11\7-split\600094.jpg</path>
	<source>
		<database>Unknown</database>
	</source>
	<size>
		<width>600</width>
		<height>450</height>
		<depth>3</depth>
	</size>
	<segmented>0</segmented>
	<object>
		<name>Rick Levin</name>
		<pose>Unspecified</pose>
		<truncated>0</truncated>
		<difficult>0</difficult>
		<bndbox>
			<xmin>339</xmin>
			<ymin>202</ymin>
			<xmax>395</xmax>
			<ymax>273</ymax>
		</bndbox>
	</object>
</annotation>
