<annotation>
	<folder>7-split</folder>
	<filename>616556.jpg</filename>
	<path>D:\研究生\图片标记\twitter2015\img_split_11\7-split\616556.jpg</path>
	<source>
		<database>Unknown</database>
	</source>
	<size>
		<width>594</width>
		<height>396</height>
		<depth>3</depth>
	</size>
	<segmented>0</segmented>
	<object>
		<name>John Terry</name>
		<pose>Unspecified</pose>
		<truncated>0</truncated>
		<difficult>0</difficult>
		<bndbox>
			<xmin>237</xmin>
			<ymin>74</ymin>
			<xmax>379</xmax>
			<ymax>255</ymax>
		</bndbox>
	</object>
	<object>
		<name>CFC</name>
		<pose>Unspecified</pose>
		<truncated>0</truncated>
		<difficult>0</difficult>
		<bndbox>
			<xmin>364</xmin>
			<ymin>295</ymin>
			<xmax>399</xmax>
			<ymax>326</ymax>
		</bndbox>
	</object>
	<object>
		<name>CFC</name>
		<pose>Unspecified</pose>
		<truncated>0</truncated>
		<difficult>0</difficult>
		<bndbox>
			<xmin>74</xmin>
			<ymin>296</ymin>
			<xmax>108</xmax>
			<ymax>327</ymax>
		</bndbox>
	</object>
	<object>
		<name>CFC</name>
		<pose>Unspecified</pose>
		<truncated>0</truncated>
		<difficult>0</difficult>
		<bndbox>
			<xmin>221</xmin>
			<ymin>295</ymin>
			<xmax>255</xmax>
			<ymax>329</ymax>
		</bndbox>
	</object>
</annotation>
