<annotation>
	<folder>1-split</folder>
	<filename>62403.jpg</filename>
	<path>D:\Desktop\Document\Postgraduate\NUSTM\数据标注\twitter2015_1114_3\img_split_3\1-split\62403.jpg</path>
	<source>
		<database>Unknown</database>
	</source>
	<size>
		<width>600</width>
		<height>373</height>
		<depth>3</depth>
	</size>
	<segmented>0</segmented>
	<object>
		<name>Starbucks</name>
		<pose>Unspecified</pose>
		<truncated>0</truncated>
		<difficult>0</difficult>
		<bndbox>
			<xmin>153</xmin>
			<ymin>120</ymin>
			<xmax>229</xmax>
			<ymax>207</ymax>
		</bndbox>
	</object>
	<object>
		<name>Starbucks</name>
		<pose>Unspecified</pose>
		<truncated>0</truncated>
		<difficult>0</difficult>
		<bndbox>
			<xmin>252</xmin>
			<ymin>121</ymin>
			<xmax>348</xmax>
			<ymax>227</ymax>
		</bndbox>
	</object>
	<object>
		<name>Starbucks</name>
		<pose>Unspecified</pose>
		<truncated>0</truncated>
		<difficult>0</difficult>
		<bndbox>
			<xmin>385</xmin>
			<ymin>120</ymin>
			<xmax>515</xmax>
			<ymax>260</ymax>
		</bndbox>
	</object>
</annotation>
