<annotation>
	<folder>2-split</folder>
	<filename>63047.jpg</filename>
	<path>C:\Users\lenovo\Documents\【001】准研\work\dataset\Twitter2015\img_split_11\2-split\63047.jpg</path>
	<source>
		<database>Unknown</database>
	</source>
	<size>
		<width>600</width>
		<height>338</height>
		<depth>3</depth>
	</size>
	<segmented>0</segmented>
	<object>
		<name>Fr . Jenkins</name>
		<pose>Unspecified</pose>
		<truncated>1</truncated>
		<difficult>0</difficult>
		<bndbox>
			<xmin>1</xmin>
			<ymin>93</ymin>
			<xmax>225</xmax>
			<ymax>338</ymax>
		</bndbox>
	</object>
	<object>
		<name>Jack Swarbrick</name>
		<pose>Unspecified</pose>
		<truncated>1</truncated>
		<difficult>0</difficult>
		<bndbox>
			<xmin>341</xmin>
			<ymin>70</ymin>
			<xmax>565</xmax>
			<ymax>338</ymax>
		</bndbox>
	</object>
</annotation>
