<annotation>
	<folder>2-split</folder>
	<filename>63051.jpg</filename>
	<path>C:\Users\lenovo\Documents\【001】准研\work\dataset\Twitter2015\img_split_11\2-split\63051.jpg</path>
	<source>
		<database>Unknown</database>
	</source>
	<size>
		<width>600</width>
		<height>450</height>
		<depth>3</depth>
	</size>
	<segmented>0</segmented>
	<object>
		<name>John Kerry</name>
		<pose>Unspecified</pose>
		<truncated>0</truncated>
		<difficult>0</difficult>
		<bndbox>
			<xmin>207</xmin>
			<ymin>94</ymin>
			<xmax>314</xmax>
			<ymax>407</ymax>
		</bndbox>
	</object>
	<object>
		<name>Alan Gross</name>
		<pose>Unspecified</pose>
		<truncated>0</truncated>
		<difficult>0</difficult>
		<bndbox>
			<xmin>215</xmin>
			<ymin>122</ymin>
			<xmax>321</xmax>
			<ymax>402</ymax>
		</bndbox>
	</object>
</annotation>
