<annotation>
	<folder>7-split</folder>
	<filename>642099.jpg</filename>
	<path>D:\研究生\图片标记\twitter2015\img_split_11\7-split\642099.jpg</path>
	<source>
		<database>Unknown</database>
	</source>
	<size>
		<width>400</width>
		<height>600</height>
		<depth>3</depth>
	</size>
	<segmented>0</segmented>
	<object>
		<name>Mikel Landa</name>
		<pose>Unspecified</pose>
		<truncated>1</truncated>
		<difficult>0</difficult>
		<bndbox>
			<xmin>26</xmin>
			<ymin>42</ymin>
			<xmax>374</xmax>
			<ymax>600</ymax>
		</bndbox>
	</object>
</annotation>
