<annotation>
	<folder>2-split</folder>
	<filename>64700.jpg</filename>
	<path>C:\Users\lenovo\Documents\【001】准研\work\dataset\Twitter2015\img_split_11\2-split\64700.jpg</path>
	<source>
		<database>Unknown</database>
	</source>
	<size>
		<width>600</width>
		<height>1100</height>
		<depth>3</depth>
	</size>
	<segmented>0</segmented>
	<object>
		<name>Stanford</name>
		<pose>Unspecified</pose>
		<truncated>0</truncated>
		<difficult>0</difficult>
		<bndbox>
			<xmin>386</xmin>
			<ymin>268</ymin>
			<xmax>518</xmax>
			<ymax>338</ymax>
		</bndbox>
	</object>
	<object>
		<name>Jaylon Smith</name>
		<pose>Unspecified</pose>
		<truncated>0</truncated>
		<difficult>0</difficult>
		<bndbox>
			<xmin>420</xmin>
			<ymin>422</ymin>
			<xmax>590</xmax>
			<ymax>551</ymax>
		</bndbox>
	</object>
</annotation>
