<annotation>
	<folder>7-split</folder>
	<filename>653235.jpg</filename>
	<path>D:\研究生\图片标记\twitter2015\img_split_11\7-split\653235.jpg</path>
	<source>
		<database>Unknown</database>
	</source>
	<size>
		<width>600</width>
		<height>900</height>
		<depth>3</depth>
	</size>
	<segmented>0</segmented>
	<object>
		<name>BAEKHYUN</name>
		<pose>Unspecified</pose>
		<truncated>0</truncated>
		<difficult>0</difficult>
		<bndbox>
			<xmin>205</xmin>
			<ymin>122</ymin>
			<xmax>378</xmax>
			<ymax>863</ymax>
		</bndbox>
	</object>
</annotation>
