<annotation>
	<folder>2-split</folder>
	<filename>66076.jpg</filename>
	<path>C:\Users\lenovo\Documents\【001】准研\work\dataset\Twitter2015\img_split_11\2-split\66076.jpg</path>
	<source>
		<database>Unknown</database>
	</source>
	<size>
		<width>600</width>
		<height>387</height>
		<depth>3</depth>
	</size>
	<segmented>0</segmented>
	<object>
		<name>Hillary Clinton</name>
		<pose>Unspecified</pose>
		<truncated>0</truncated>
		<difficult>0</difficult>
		<bndbox>
			<xmin>181</xmin>
			<ymin>87</ymin>
			<xmax>379</xmax>
			<ymax>359</ymax>
		</bndbox>
	</object>
</annotation>
