<annotation>
	<folder>8-split</folder>
	<filename>665631.jpg</filename>
	<path>D:\研究生\图片标记\twitter2015\img_split_11\8-split\665631.jpg</path>
	<source>
		<database>Unknown</database>
	</source>
	<size>
		<width>600</width>
		<height>600</height>
		<depth>3</depth>
	</size>
	<segmented>0</segmented>
	<object>
		<name>Hilary Mantel</name>
		<pose>Unspecified</pose>
		<truncated>0</truncated>
		<difficult>0</difficult>
		<bndbox>
			<xmin>179</xmin>
			<ymin>306</ymin>
			<xmax>282</xmax>
			<ymax>355</ymax>
		</bndbox>
	</object>
	<object>
		<name>Dean Koontz</name>
		<pose>Unspecified</pose>
		<truncated>0</truncated>
		<difficult>0</difficult>
		<bndbox>
			<xmin>448</xmin>
			<ymin>66</ymin>
			<xmax>576</xmax>
			<ymax>111</ymax>
		</bndbox>
	</object>
</annotation>
