<annotation>
	<folder>1-split</folder>
	<filename>67343.jpg</filename>
	<path>D:\研究生\图片标记\twitter2015_1114_4\img_split_4\1-split\67343.jpg</path>
	<source>
		<database>Unknown</database>
	</source>
	<size>
		<width>600</width>
		<height>523</height>
		<depth>3</depth>
	</size>
	<segmented>0</segmented>
	<object>
		<name>Dame Dash</name>
		<pose>Unspecified</pose>
		<truncated>1</truncated>
		<difficult>0</difficult>
		<bndbox>
			<xmin>119</xmin>
			<ymin>146</ymin>
			<xmax>497</xmax>
			<ymax>523</ymax>
		</bndbox>
	</object>
	<object>
		<name>Kanye West</name>
		<pose>Unspecified</pose>
		<truncated>1</truncated>
		<difficult>0</difficult>
		<bndbox>
			<xmin>354</xmin>
			<ymin>61</ymin>
			<xmax>598</xmax>
			<ymax>523</ymax>
		</bndbox>
	</object>
</annotation>
