<annotation>
	<folder>1-split</folder>
	<filename>67619.jpg</filename>
	<path>D:\研究生\图片标记\twitter2015_1114_4\img_split_4\1-split\67619.jpg</path>
	<source>
		<database>Unknown</database>
	</source>
	<size>
		<width>586</width>
		<height>880</height>
		<depth>3</depth>
	</size>
	<segmented>0</segmented>
	<object>
		<name>Stuart Scott</name>
		<pose>Unspecified</pose>
		<truncated>0</truncated>
		<difficult>0</difficult>
		<bndbox>
			<xmin>7</xmin>
			<ymin>4</ymin>
			<xmax>581</xmax>
			<ymax>870</ymax>
		</bndbox>
	</object>
</annotation>
