<annotation>
	<folder>3-split</folder>
	<filename>67779.jpg</filename>
	<path>C:\Users\lenovo\Documents\【001】准研\work\dataset\Twitter2015\img_split_11\3-split\67779.jpg</path>
	<source>
		<database>Unknown</database>
	</source>
	<size>
		<width>559</width>
		<height>446</height>
		<depth>3</depth>
	</size>
	<segmented>0</segmented>
	<object>
		<name>Madonna</name>
		<pose>Unspecified</pose>
		<truncated>1</truncated>
		<difficult>0</difficult>
		<bndbox>
			<xmin>1</xmin>
			<ymin>5</ymin>
			<xmax>559</xmax>
			<ymax>446</ymax>
		</bndbox>
	</object>
</annotation>
