<annotation>
	<folder>8-split</folder>
	<filename>693172.jpg</filename>
	<path>D:\研究生\图片标记\twitter2015\img_split_11\8-split\693172.jpg</path>
	<source>
		<database>Unknown</database>
	</source>
	<size>
		<width>600</width>
		<height>337</height>
		<depth>3</depth>
	</size>
	<segmented>0</segmented>
	<object>
		<name>Olympus Air A01</name>
		<pose>Unspecified</pose>
		<truncated>0</truncated>
		<difficult>0</difficult>
		<bndbox>
			<xmin>238</xmin>
			<ymin>30</ymin>
			<xmax>361</xmax>
			<ymax>213</ymax>
		</bndbox>
	</object>
</annotation>
