<annotation>
	<folder>8-split</folder>
	<filename>705716.jpg</filename>
	<path>D:\研究生\图片标记\twitter2015\img_split_11\8-split\705716.jpg</path>
	<source>
		<database>Unknown</database>
	</source>
	<size>
		<width>185</width>
		<height>272</height>
		<depth>3</depth>
	</size>
	<segmented>0</segmented>
	<object>
		<name>Black Elk</name>
		<pose>Unspecified</pose>
		<truncated>1</truncated>
		<difficult>0</difficult>
		<bndbox>
			<xmin>1</xmin>
			<ymin>9</ymin>
			<xmax>183</xmax>
			<ymax>272</ymax>
		</bndbox>
	</object>
</annotation>
