<annotation>
	<folder>3-split</folder>
	<filename>70944.jpg</filename>
	<path>C:\Users\lenovo\Documents\【001】准研\work\dataset\Twitter2015\img_split_11\3-split\70944.jpg</path>
	<source>
		<database>Unknown</database>
	</source>
	<size>
		<width>600</width>
		<height>890</height>
		<depth>3</depth>
	</size>
	<segmented>0</segmented>
	<object>
		<name>Brandon Saad</name>
		<pose>Unspecified</pose>
		<truncated>0</truncated>
		<difficult>0</difficult>
		<bndbox>
			<xmin>131</xmin>
			<ymin>277</ymin>
			<xmax>486</xmax>
			<ymax>855</ymax>
		</bndbox>
	</object>
</annotation>
