<annotation>
	<folder>3-split</folder>
	<filename>70984.jpg</filename>
	<path>C:\Users\lenovo\Documents\【001】准研\work\dataset\Twitter2015\img_split_11\3-split\70984.jpg</path>
	<source>
		<database>Unknown</database>
	</source>
	<size>
		<width>600</width>
		<height>372</height>
		<depth>3</depth>
	</size>
	<segmented>0</segmented>
	<object>
		<name>Alex Killorn</name>
		<pose>Unspecified</pose>
		<truncated>1</truncated>
		<difficult>0</difficult>
		<bndbox>
			<xmin>403</xmin>
			<ymin>1</ymin>
			<xmax>543</xmax>
			<ymax>234</ymax>
		</bndbox>
	</object>
	<object>
		<name>Corey Crawford</name>
		<pose>Unspecified</pose>
		<truncated>0</truncated>
		<difficult>0</difficult>
		<bndbox>
			<xmin>180</xmin>
			<ymin>115</ymin>
			<xmax>336</xmax>
			<ymax>351</ymax>
		</bndbox>
	</object>
</annotation>
