<annotation>
	<folder>1-split</folder>
	<filename>71126.jpg</filename>
	<path>D:\Desktop\Document\Postgraduate\NUSTM\数据标注\twitter2015_1114_3\img_split_3\1-split\71126.jpg</path>
	<source>
		<database>Unknown</database>
	</source>
	<size>
		<width>600</width>
		<height>556</height>
		<depth>3</depth>
	</size>
	<segmented>0</segmented>
	<object>
		<name>Ducks</name>
		<pose>Unspecified</pose>
		<truncated>0</truncated>
		<difficult>0</difficult>
		<bndbox>
			<xmin>222</xmin>
			<ymin>227</ymin>
			<xmax>286</xmax>
			<ymax>272</ymax>
		</bndbox>
	</object>
	<object>
		<name>Brad Richards</name>
		<pose>Unspecified</pose>
		<truncated>1</truncated>
		<difficult>0</difficult>
		<bndbox>
			<xmin>304</xmin>
			<ymin>203</ymin>
			<xmax>575</xmax>
			<ymax>556</ymax>
		</bndbox>
	</object>
</annotation>
