<annotation>
	<folder>3-split</folder>
	<filename>71278.jpg</filename>
	<path>C:\Users\lenovo\Documents\【001】准研\work\dataset\Twitter2015\img_split_11\3-split\71278.jpg</path>
	<source>
		<database>Unknown</database>
	</source>
	<size>
		<width>600</width>
		<height>450</height>
		<depth>3</depth>
	</size>
	<segmented>0</segmented>
	<object>
		<name>Jimmy Butler</name>
		<pose>Unspecified</pose>
		<truncated>1</truncated>
		<difficult>0</difficult>
		<bndbox>
			<xmin>165</xmin>
			<ymin>57</ymin>
			<xmax>414</xmax>
			<ymax>450</ymax>
		</bndbox>
	</object>
	<object>
		<name>Bulls</name>
		<pose>Unspecified</pose>
		<truncated>0</truncated>
		<difficult>0</difficult>
		<bndbox>
			<xmin>269</xmin>
			<ymin>254</ymin>
			<xmax>331</xmax>
			<ymax>309</ymax>
		</bndbox>
	</object>
	<object>
		<name>Jimmy Butler</name>
		<pose>Unspecified</pose>
		<truncated>1</truncated>
		<difficult>0</difficult>
		<bndbox>
			<xmin>164</xmin>
			<ymin>55</ymin>
			<xmax>413</xmax>
			<ymax>450</ymax>
		</bndbox>
	</object>
</annotation>
