<annotation>
	<folder>8-split</folder>
	<filename>715329.jpg</filename>
	<path>D:\研究生\图片标记\twitter2015\img_split_11\8-split\715329.jpg</path>
	<source>
		<database>Unknown</database>
	</source>
	<size>
		<width>500</width>
		<height>498</height>
		<depth>3</depth>
	</size>
	<segmented>0</segmented>
	<object>
		<name>Jen</name>
		<pose>Unspecified</pose>
		<truncated>1</truncated>
		<difficult>0</difficult>
		<bndbox>
			<xmin>130</xmin>
			<ymin>183</ymin>
			<xmax>491</xmax>
			<ymax>498</ymax>
		</bndbox>
	</object>
	<object>
		<name>Jennifer</name>
		<pose>Unspecified</pose>
		<truncated>1</truncated>
		<difficult>0</difficult>
		<bndbox>
			<xmin>1</xmin>
			<ymin>23</ymin>
			<xmax>387</xmax>
			<ymax>498</ymax>
		</bndbox>
	</object>
</annotation>
