<annotation>
	<folder>8-split</folder>
	<filename>718035.jpg</filename>
	<path>D:\研究生\图片标记\twitter2015\img_split_11\8-split\718035.jpg</path>
	<source>
		<database>Unknown</database>
	</source>
	<size>
		<width>600</width>
		<height>340</height>
		<depth>3</depth>
	</size>
	<segmented>0</segmented>
	<object>
		<name>Vilsack</name>
		<pose>Unspecified</pose>
		<truncated>1</truncated>
		<difficult>0</difficult>
		<bndbox>
			<xmin>485</xmin>
			<ymin>207</ymin>
			<xmax>599</xmax>
			<ymax>340</ymax>
		</bndbox>
	</object>
</annotation>
