<annotation>
	<folder>3-split</folder>
	<filename>718427.jpg</filename>
	<path>C:\Users\lenovo\Documents\work\dataset\twitter2015_1114_4\img_split_4\3-split\718427.jpg</path>
	<source>
		<database>Unknown</database>
	</source>
	<size>
		<width>600</width>
		<height>400</height>
		<depth>3</depth>
	</size>
	<segmented>0</segmented>
	<object>
		<name>Bill Harrelson</name>
		<pose>Unspecified</pose>
		<truncated>1</truncated>
		<difficult>0</difficult>
		<bndbox>
			<xmin>164</xmin>
			<ymin>15</ymin>
			<xmax>320</xmax>
			<ymax>400</ymax>
		</bndbox>
	</object>
</annotation>
