<annotation>
	<folder>3-split</folder>
	<filename>72000.jpg</filename>
	<path>C:\Users\lenovo\Documents\【001】准研\work\dataset\Twitter2015\img_split_11\3-split\72000.jpg</path>
	<source>
		<database>Unknown</database>
	</source>
	<size>
		<width>153</width>
		<height>471</height>
		<depth>3</depth>
	</size>
	<segmented>0</segmented>
	<object>
		<name>Patrick Kane</name>
		<pose>Unspecified</pose>
		<truncated>1</truncated>
		<difficult>0</difficult>
		<bndbox>
			<xmin>3</xmin>
			<ymin>29</ymin>
			<xmax>153</xmax>
			<ymax>471</ymax>
		</bndbox>
	</object>
</annotation>
