<annotation>
	<folder>8-split</folder>
	<filename>732768.jpg</filename>
	<path>D:\研究生\图片标记\twitter2015\img_split_11\8-split\732768.jpg</path>
	<source>
		<database>Unknown</database>
	</source>
	<size>
		<width>600</width>
		<height>600</height>
		<depth>3</depth>
	</size>
	<segmented>0</segmented>
	<object>
		<name>Zelda</name>
		<pose>Unspecified</pose>
		<truncated>0</truncated>
		<difficult>0</difficult>
		<bndbox>
			<xmin>157</xmin>
			<ymin>174</ymin>
			<xmax>434</xmax>
			<ymax>341</ymax>
		</bndbox>
	</object>
</annotation>
