<annotation>
	<folder>1-split</folder>
	<filename>73450.jpg</filename>
	<path>D:\Desktop\Document\Postgraduate\NUSTM\数据标注\twitter2015_1114_3\img_split_3\1-split\73450.jpg</path>
	<source>
		<database>Unknown</database>
	</source>
	<size>
		<width>600</width>
		<height>450</height>
		<depth>3</depth>
	</size>
	<segmented>0</segmented>
	<object>
		<name>Cubs</name>
		<pose>Unspecified</pose>
		<truncated>0</truncated>
		<difficult>0</difficult>
		<bndbox>
			<xmin>61</xmin>
			<ymin>422</ymin>
			<xmax>77</xmax>
			<ymax>442</ymax>
		</bndbox>
	</object>
	<object>
		<name>Cubs</name>
		<pose>Unspecified</pose>
		<truncated>1</truncated>
		<difficult>0</difficult>
		<bndbox>
			<xmin>180</xmin>
			<ymin>430</ymin>
			<xmax>200</xmax>
			<ymax>450</ymax>
		</bndbox>
	</object>
</annotation>
