<annotation>
	<folder>8-split</folder>
	<filename>735417.jpg</filename>
	<path>D:\研究生\图片标记\twitter2015\img_split_11\8-split\735417.jpg</path>
	<source>
		<database>Unknown</database>
	</source>
	<size>
		<width>600</width>
		<height>513</height>
		<depth>3</depth>
	</size>
	<segmented>0</segmented>
	<object>
		<name>Nabokov</name>
		<pose>Unspecified</pose>
		<truncated>0</truncated>
		<difficult>0</difficult>
		<bndbox>
			<xmin>180</xmin>
			<ymin>461</ymin>
			<xmax>239</xmax>
			<ymax>481</ymax>
		</bndbox>
	</object>
</annotation>
