<annotation>
	<folder>1-split</folder>
	<filename>73849.jpg</filename>
	<path>D:\Desktop\Document\Postgraduate\NUSTM\数据标注\twitter2015_1114_3\img_split_3\1-split\73849.jpg</path>
	<source>
		<database>Unknown</database>
	</source>
	<size>
		<width>600</width>
		<height>296</height>
		<depth>3</depth>
	</size>
	<segmented>0</segmented>
	<object>
		<name>Rangers Flyers</name>
		<pose>Unspecified</pose>
		<truncated>0</truncated>
		<difficult>0</difficult>
		<bndbox>
			<xmin>150</xmin>
			<ymin>123</ymin>
			<xmax>182</xmax>
			<ymax>146</ymax>
		</bndbox>
	</object>
	<object>
		<name>Rangers Flyers</name>
		<pose>Unspecified</pose>
		<truncated>0</truncated>
		<difficult>0</difficult>
		<bndbox>
			<xmin>285</xmin>
			<ymin>168</ymin>
			<xmax>315</xmax>
			<ymax>192</ymax>
		</bndbox>
	</object>
</annotation>
