<annotation>
	<folder>4-split</folder>
	<filename>73889.jpg</filename>
	<path>C:\Users\lenovo\Documents\【001】准研\work\dataset\Twitter2015\img_split_11\4-split\73889.jpg</path>
	<source>
		<database>Unknown</database>
	</source>
	<size>
		<width>600</width>
		<height>600</height>
		<depth>3</depth>
	</size>
	<segmented>0</segmented>
	<object>
		<name>Leonardo DiCaprio</name>
		<pose>Unspecified</pose>
		<truncated>1</truncated>
		<difficult>0</difficult>
		<bndbox>
			<xmin>1</xmin>
			<ymin>7</ymin>
			<xmax>198</xmax>
			<ymax>199</ymax>
		</bndbox>
	</object>
	<object>
		<name>Leonardo DiCaprio</name>
		<pose>Unspecified</pose>
		<truncated>0</truncated>
		<difficult>0</difficult>
		<bndbox>
			<xmin>200</xmin>
			<ymin>8</ymin>
			<xmax>401</xmax>
			<ymax>198</ymax>
		</bndbox>
	</object>
	<object>
		<name>Leonardo DiCaprio</name>
		<pose>Unspecified</pose>
		<truncated>1</truncated>
		<difficult>0</difficult>
		<bndbox>
			<xmin>403</xmin>
			<ymin>9</ymin>
			<xmax>600</xmax>
			<ymax>198</ymax>
		</bndbox>
	</object>
	<object>
		<name>Leonardo DiCaprio</name>
		<pose>Unspecified</pose>
		<truncated>0</truncated>
		<difficult>0</difficult>
		<bndbox>
			<xmin>410</xmin>
			<ymin>203</ymin>
			<xmax>574</xmax>
			<ymax>399</ymax>
		</bndbox>
	</object>
	<object>
		<name>Leonardo DiCaprio</name>
		<pose>Unspecified</pose>
		<truncated>1</truncated>
		<difficult>0</difficult>
		<bndbox>
			<xmin>400</xmin>
			<ymin>412</ymin>
			<xmax>584</xmax>
			<ymax>600</ymax>
		</bndbox>
	</object>
	<object>
		<name>Leonardo DiCaprio</name>
		<pose>Unspecified</pose>
		<truncated>1</truncated>
		<difficult>0</difficult>
		<bndbox>
			<xmin>196</xmin>
			<ymin>408</ymin>
			<xmax>402</xmax>
			<ymax>600</ymax>
		</bndbox>
	</object>
	<object>
		<name>Leonardo DiCaprio</name>
		<pose>Unspecified</pose>
		<truncated>1</truncated>
		<difficult>0</difficult>
		<bndbox>
			<xmin>1</xmin>
			<ymin>412</ymin>
			<xmax>197</xmax>
			<ymax>600</ymax>
		</bndbox>
	</object>
	<object>
		<name>Leonardo DiCaprio</name>
		<pose>Unspecified</pose>
		<truncated>1</truncated>
		<difficult>0</difficult>
		<bndbox>
			<xmin>1</xmin>
			<ymin>210</ymin>
			<xmax>198</xmax>
			<ymax>400</ymax>
		</bndbox>
	</object>
	<object>
		<name>Leonardo DiCaprio</name>
		<pose>Unspecified</pose>
		<truncated>0</truncated>
		<difficult>0</difficult>
		<bndbox>
			<xmin>213</xmin>
			<ymin>204</ymin>
			<xmax>400</xmax>
			<ymax>402</ymax>
		</bndbox>
	</object>
</annotation>
