<annotation>
	<folder>4-split</folder>
	<filename>74506.jpg</filename>
	<path>C:\Users\lenovo\Documents\【001】准研\work\dataset\Twitter2015\img_split_11\4-split\74506.jpg</path>
	<source>
		<database>Unknown</database>
	</source>
	<size>
		<width>600</width>
		<height>338</height>
		<depth>3</depth>
	</size>
	<segmented>0</segmented>
	<object>
		<name>Kobe Bryant</name>
		<pose>Unspecified</pose>
		<truncated>1</truncated>
		<difficult>0</difficult>
		<bndbox>
			<xmin>298</xmin>
			<ymin>6</ymin>
			<xmax>414</xmax>
			<ymax>338</ymax>
		</bndbox>
	</object>
	<object>
		<name>Taylor Swift</name>
		<pose>Unspecified</pose>
		<truncated>1</truncated>
		<difficult>0</difficult>
		<bndbox>
			<xmin>175</xmin>
			<ymin>59</ymin>
			<xmax>277</xmax>
			<ymax>338</ymax>
		</bndbox>
	</object>
</annotation>
