<annotation>
	<folder>1-split</folder>
	<filename>74843.jpg</filename>
	<path>D:\Desktop\Document\Postgraduate\NUSTM\数据标注\twitter2015_1114_3\img_split_3\1-split\74843.jpg</path>
	<source>
		<database>Unknown</database>
	</source>
	<size>
		<width>600</width>
		<height>338</height>
		<depth>3</depth>
	</size>
	<segmented>0</segmented>
	<object>
		<name>CBS</name>
		<pose>Unspecified</pose>
		<truncated>0</truncated>
		<difficult>0</difficult>
		<bndbox>
			<xmin>528</xmin>
			<ymin>66</ymin>
			<xmax>559</xmax>
			<ymax>95</ymax>
		</bndbox>
	</object>
</annotation>
