<annotation>
	<folder>2-split</folder>
	<filename>775393.jpg</filename>
	<path>D:\Desktop\Document\Postgraduate\NUSTM\数据标注\twitter2015_1114_3\img_split_3\2-split\775393.jpg</path>
	<source>
		<database>Unknown</database>
	</source>
	<size>
		<width>461</width>
		<height>540</height>
		<depth>3</depth>
	</size>
	<segmented>0</segmented>
	<object>
		<name>Liverpool</name>
		<pose>Unspecified</pose>
		<truncated>0</truncated>
		<difficult>0</difficult>
		<bndbox>
			<xmin>87</xmin>
			<ymin>403</ymin>
			<xmax>120</xmax>
			<ymax>445</ymax>
		</bndbox>
	</object>
	<object>
		<name>Liverpool</name>
		<pose>Unspecified</pose>
		<truncated>0</truncated>
		<difficult>0</difficult>
		<bndbox>
			<xmin>358</xmin>
			<ymin>365</ymin>
			<xmax>392</xmax>
			<ymax>410</ymax>
		</bndbox>
	</object>
</annotation>
