<annotation>
	<folder>8-split</folder>
	<filename>796551.jpg</filename>
	<path>D:\研究生\图片标记\twitter2015\img_split_11\8-split\796551.jpg</path>
	<source>
		<database>Unknown</database>
	</source>
	<size>
		<width>600</width>
		<height>337</height>
		<depth>3</depth>
	</size>
	<segmented>0</segmented>
	<object>
		<name>Mayor Mark Heyck</name>
		<pose>Unspecified</pose>
		<truncated>1</truncated>
		<difficult>0</difficult>
		<bndbox>
			<xmin>363</xmin>
			<ymin>92</ymin>
			<xmax>451</xmax>
			<ymax>337</ymax>
		</bndbox>
	</object>
</annotation>
