<annotation>
	<folder>2-split</folder>
	<filename>810107.jpg</filename>
	<path>D:\Desktop\Document\Postgraduate\NUSTM\数据标注\twitter2015_1114_3\img_split_3\2-split\810107.jpg</path>
	<source>
		<database>Unknown</database>
	</source>
	<size>
		<width>600</width>
		<height>450</height>
		<depth>3</depth>
	</size>
	<segmented>0</segmented>
	<object>
		<name>Team Alberta Male Honourary</name>
		<pose>Unspecified</pose>
		<truncated>0</truncated>
		<difficult>0</difficult>
		<bndbox>
			<xmin>213</xmin>
			<ymin>257</ymin>
			<xmax>293</xmax>
			<ymax>338</ymax>
		</bndbox>
	</object>
	<object>
		<name>Joe Colborne</name>
		<pose>Unspecified</pose>
		<truncated>0</truncated>
		<difficult>0</difficult>
		<bndbox>
			<xmin>130</xmin>
			<ymin>100</ymin>
			<xmax>370</xmax>
			<ymax>384</ymax>
		</bndbox>
	</object>
	<object>
		<name>Team Alberta Male Honourary</name>
		<pose>Unspecified</pose>
		<truncated>0</truncated>
		<difficult>0</difficult>
		<bndbox>
			<xmin>458</xmin>
			<ymin>92</ymin>
			<xmax>546</xmax>
			<ymax>134</ymax>
		</bndbox>
	</object>
	<object>
		<name>Team Alberta Male Honourary</name>
		<pose>Unspecified</pose>
		<truncated>1</truncated>
		<difficult>0</difficult>
		<bndbox>
			<xmin>553</xmin>
			<ymin>152</ymin>
			<xmax>600</xmax>
			<ymax>197</ymax>
		</bndbox>
	</object>
	<object>
		<name>Team Alberta Male Honourary</name>
		<pose>Unspecified</pose>
		<truncated>0</truncated>
		<difficult>0</difficult>
		<bndbox>
			<xmin>506</xmin>
			<ymin>222</ymin>
			<xmax>596</xmax>
			<ymax>264</ymax>
		</bndbox>
	</object>
	<object>
		<name>Team Alberta Male Honourary</name>
		<pose>Unspecified</pose>
		<truncated>0</truncated>
		<difficult>0</difficult>
		<bndbox>
			<xmin>449</xmin>
			<ymin>308</ymin>
			<xmax>538</xmax>
			<ymax>349</ymax>
		</bndbox>
	</object>
	<object>
		<name>Team Alberta Male Honourary</name>
		<pose>Unspecified</pose>
		<truncated>1</truncated>
		<difficult>0</difficult>
		<bndbox>
			<xmin>502</xmin>
			<ymin>419</ymin>
			<xmax>545</xmax>
			<ymax>450</ymax>
		</bndbox>
	</object>
</annotation>
