<annotation>
	<folder>8-split</folder>
	<filename>810852.jpg</filename>
	<path>D:\研究生\图片标记\twitter2015\img_split_11\8-split\810852.jpg</path>
	<source>
		<database>Unknown</database>
	</source>
	<size>
		<width>400</width>
		<height>328</height>
		<depth>3</depth>
	</size>
	<segmented>0</segmented>
	<object>
		<name>Zayn Malik</name>
		<pose>Unspecified</pose>
		<truncated>0</truncated>
		<difficult>0</difficult>
		<bndbox>
			<xmin>115</xmin>
			<ymin>5</ymin>
			<xmax>398</xmax>
			<ymax>304</ymax>
		</bndbox>
	</object>
</annotation>
