<annotation>
	<folder>3-split</folder>
	<filename>818214.jpg</filename>
	<path>C:\Users\lenovo\Documents\work\dataset\twitter2015_1114_4\img_split_4\3-split\818214.jpg</path>
	<source>
		<database>Unknown</database>
	</source>
	<size>
		<width>599</width>
		<height>710</height>
		<depth>3</depth>
	</size>
	<segmented>0</segmented>
	<object>
		<name>Tokong</name>
		<pose>Unspecified</pose>
		<truncated>0</truncated>
		<difficult>0</difficult>
		<bndbox>
			<xmin>11</xmin>
			<ymin>9</ymin>
			<xmax>500</xmax>
			<ymax>354</ymax>
		</bndbox>
	</object>
</annotation>
