<annotation>
	<folder>8-split</folder>
	<filename>818604.jpg</filename>
	<path>D:\研究生\图片标记\twitter2015\img_split_11\8-split\818604.jpg</path>
	<source>
		<database>Unknown</database>
	</source>
	<size>
		<width>600</width>
		<height>310</height>
		<depth>3</depth>
	</size>
	<segmented>0</segmented>
	<object>
		<name>LiarTimesNow</name>
		<pose>Unspecified</pose>
		<truncated>0</truncated>
		<difficult>0</difficult>
		<bndbox>
			<xmin>327</xmin>
			<ymin>267</ymin>
			<xmax>372</xmax>
			<ymax>286</ymax>
		</bndbox>
	</object>
</annotation>
