<annotation>
	<folder>8-split</folder>
	<filename>838099.jpg</filename>
	<path>D:\研究生\图片标记\twitter2015\img_split_11\8-split\838099.jpg</path>
	<source>
		<database>Unknown</database>
	</source>
	<size>
		<width>378</width>
		<height>480</height>
		<depth>3</depth>
	</size>
	<segmented>0</segmented>
	<object>
		<name>Michael Vick</name>
		<pose>Unspecified</pose>
		<truncated>0</truncated>
		<difficult>0</difficult>
		<bndbox>
			<xmin>128</xmin>
			<ymin>10</ymin>
			<xmax>258</xmax>
			<ymax>439</ymax>
		</bndbox>
	</object>
</annotation>
