<annotation>
	<folder>3-split</folder>
	<filename>865163.jpg</filename>
	<path>C:\Users\lenovo\Documents\work\dataset\twitter2015_1114_4\img_split_4\3-split\865163.jpg</path>
	<source>
		<database>Unknown</database>
	</source>
	<size>
		<width>506</width>
		<height>284</height>
		<depth>3</depth>
	</size>
	<segmented>0</segmented>
	<object>
		<name>Marin Cilic</name>
		<pose>Unspecified</pose>
		<truncated>1</truncated>
		<difficult>0</difficult>
		<bndbox>
			<xmin>299</xmin>
			<ymin>16</ymin>
			<xmax>506</xmax>
			<ymax>284</ymax>
		</bndbox>
	</object>
	<object>
		<name>US Open</name>
		<pose>Unspecified</pose>
		<truncated>0</truncated>
		<difficult>0</difficult>
		<bndbox>
			<xmin>199</xmin>
			<ymin>69</ymin>
			<xmax>340</xmax>
			<ymax>149</ymax>
		</bndbox>
	</object>
</annotation>
