<annotation>
	<folder>2-split</folder>
	<filename>90044.jpg</filename>
	<path>D:\研究生\图片标记\twitter2015_1114_4\img_split_4\2-split\90044.jpg</path>
	<source>
		<database>Unknown</database>
	</source>
	<size>
		<width>599</width>
		<height>927</height>
		<depth>3</depth>
	</size>
	<segmented>0</segmented>
	<object>
		<name>Miguel Angel Nadal</name>
		<pose>Unspecified</pose>
		<truncated>1</truncated>
		<difficult>0</difficult>
		<bndbox>
			<xmin>201</xmin>
			<ymin>12</ymin>
			<xmax>591</xmax>
			<ymax>927</ymax>
		</bndbox>
	</object>
	<object>
		<name>Rafael Nadal</name>
		<pose>Unspecified</pose>
		<truncated>1</truncated>
		<difficult>0</difficult>
		<bndbox>
			<xmin>221</xmin>
			<ymin>383</ymin>
			<xmax>523</xmax>
			<ymax>927</ymax>
		</bndbox>
	</object>
</annotation>
