<annotation>
	<folder>4-split</folder>
	<filename>90045.jpg</filename>
	<path>C:\Users\lenovo\Documents\【001】准研\work\dataset\Twitter2015\img_split_11\4-split\90045.jpg</path>
	<source>
		<database>Unknown</database>
	</source>
	<size>
		<width>600</width>
		<height>600</height>
		<depth>3</depth>
	</size>
	<segmented>0</segmented>
	<object>
		<name>Lionel Messi</name>
		<pose>Unspecified</pose>
		<truncated>0</truncated>
		<difficult>0</difficult>
		<bndbox>
			<xmin>90</xmin>
			<ymin>73</ymin>
			<xmax>373</xmax>
			<ymax>429</ymax>
		</bndbox>
	</object>
</annotation>
