<annotation>
	<folder>4-split</folder>
	<filename>90119.jpg</filename>
	<path>C:\Users\lenovo\Documents\【001】准研\work\dataset\Twitter2015\img_split_11\4-split\90119.jpg</path>
	<source>
		<database>Unknown</database>
	</source>
	<size>
		<width>573</width>
		<height>365</height>
		<depth>3</depth>
	</size>
	<segmented>0</segmented>
	<object>
		<name>Pele</name>
		<pose>Unspecified</pose>
		<truncated>1</truncated>
		<difficult>0</difficult>
		<bndbox>
			<xmin>4</xmin>
			<ymin>13</ymin>
			<xmax>237</xmax>
			<ymax>365</ymax>
		</bndbox>
	</object>
</annotation>
