<annotation>
	<folder>4-split</folder>
	<filename>93388.jpg</filename>
	<path>C:\Users\lenovo\Documents\【001】准研\work\dataset\Twitter2015\img_split_11\4-split\93388.jpg</path>
	<source>
		<database>Unknown</database>
	</source>
	<size>
		<width>600</width>
		<height>777</height>
		<depth>3</depth>
	</size>
	<segmented>0</segmented>
	<object>
		<name>James Best</name>
		<pose>Unspecified</pose>
		<truncated>1</truncated>
		<difficult>0</difficult>
		<bndbox>
			<xmin>2</xmin>
			<ymin>1</ymin>
			<xmax>486</xmax>
			<ymax>777</ymax>
		</bndbox>
	</object>
</annotation>
