<annotation>
	<folder>4-split</folder>
	<filename>94356.jpg</filename>
	<path>C:\Users\lenovo\Documents\【001】准研\work\dataset\Twitter2015\img_split_11\4-split\94356.jpg</path>
	<source>
		<database>Unknown</database>
	</source>
	<size>
		<width>600</width>
		<height>388</height>
		<depth>3</depth>
	</size>
	<segmented>0</segmented>
	<object>
		<name>Lenox Lounge</name>
		<pose>Unspecified</pose>
		<truncated>0</truncated>
		<difficult>0</difficult>
		<bndbox>
			<xmin>171</xmin>
			<ymin>4</ymin>
			<xmax>526</xmax>
			<ymax>259</ymax>
		</bndbox>
	</object>
</annotation>
