<annotation>
	<folder>9-split</folder>
	<filename>949517.jpg</filename>
	<path>D:\研究生\图片标记\twitter2015\img_split_11\9-split\949517.jpg</path>
	<source>
		<database>Unknown</database>
	</source>
	<size>
		<width>600</width>
		<height>400</height>
		<depth>3</depth>
	</size>
	<segmented>0</segmented>
	<object>
		<name>Christopher Sahd</name>
		<pose>Unspecified</pose>
		<truncated>0</truncated>
		<difficult>0</difficult>
		<bndbox>
			<xmin>209</xmin>
			<ymin>106</ymin>
			<xmax>334</xmax>
			<ymax>398</ymax>
		</bndbox>
	</object>
</annotation>
