<annotation>
	<folder>9-split</folder>
	<filename>981635.jpg</filename>
	<path>D:\研究生\图片标记\twitter2015\img_split_11\9-split\981635.jpg</path>
	<source>
		<database>Unknown</database>
	</source>
	<size>
		<width>600</width>
		<height>331</height>
		<depth>3</depth>
	</size>
	<segmented>0</segmented>
	<object>
		<name>Lakers</name>
		<pose>Unspecified</pose>
		<truncated>0</truncated>
		<difficult>0</difficult>
		<bndbox>
			<xmin>220</xmin>
			<ymin>177</ymin>
			<xmax>312</xmax>
			<ymax>217</ymax>
		</bndbox>
	</object>
	<object>
		<name>Kevin Love</name>
		<pose>Unspecified</pose>
		<truncated>1</truncated>
		<difficult>0</difficult>
		<bndbox>
			<xmin>2</xmin>
			<ymin>10</ymin>
			<xmax>563</xmax>
			<ymax>331</ymax>
		</bndbox>
	</object>
</annotation>
