<annotation>
	<folder>2-split</folder>
	<filename>983632.jpg</filename>
	<path>D:\Desktop\Document\Postgraduate\NUSTM\数据标注\twitter2015_1114_3\img_split_3\2-split\983632.jpg</path>
	<source>
		<database>Unknown</database>
	</source>
	<size>
		<width>600</width>
		<height>604</height>
		<depth>3</depth>
	</size>
	<segmented>0</segmented>
	<object>
		<name>OverDrive</name>
		<pose>Unspecified</pose>
		<truncated>0</truncated>
		<difficult>0</difficult>
		<bndbox>
			<xmin>135</xmin>
			<ymin>43</ymin>
			<xmax>346</xmax>
			<ymax>80</ymax>
		</bndbox>
	</object>
</annotation>
