<annotation>
	<folder>1-split</folder>
	<filename>O_1037.jpg</filename>
	<path>C:\Users\lenovo\Documents\【001】准研\work\dataset\Twitter2017\split10\img_split_vinvl_10\1-split\O_1037.jpg</path>
	<source>
		<database>Unknown</database>
	</source>
	<size>
		<width>600</width>
		<height>874</height>
		<depth>3</depth>
	</size>
	<segmented>0</segmented>
	<object>
		<name>Kristen Stewart</name>
		<pose>Unspecified</pose>
		<truncated>1</truncated>
		<difficult>0</difficult>
		<bndbox>
			<xmin>12</xmin>
			<ymin>182</ymin>
			<xmax>415</xmax>
			<ymax>874</ymax>
		</bndbox>
	</object>
	<object>
		<name>Taylor Lautner</name>
		<pose>Unspecified</pose>
		<truncated>1</truncated>
		<difficult>0</difficult>
		<bndbox>
			<xmin>288</xmin>
			<ymin>12</ymin>
			<xmax>600</xmax>
			<ymax>874</ymax>
		</bndbox>
	</object>
</annotation>
