<annotation>
	<folder>1-split</folder>
	<filename>O_108.jpg</filename>
	<path>C:\Users\lenovo\Documents\【001】准研\work\dataset\twitter2017_split14\img_split\1-split\O_108.jpg</path>
	<source>
		<database>Unknown</database>
	</source>
	<size>
		<width>600</width>
		<height>308</height>
		<depth>3</depth>
	</size>
	<segmented>0</segmented>
	<object>
		<name>John McCain</name>
		<pose>Unspecified</pose>
		<truncated>1</truncated>
		<difficult>0</difficult>
		<bndbox>
			<xmin>402</xmin>
			<ymin>29</ymin>
			<xmax>600</xmax>
			<ymax>308</ymax>
		</bndbox>
	</object>
</annotation>
