<annotation>
	<folder>1-split</folder>
	<filename>O_109.jpg</filename>
	<path>C:\Users\lenovo\Documents\【001】准研\work\dataset\Twitter2017\split10\img_split_vinvl_10\1-split\O_109.jpg</path>
	<source>
		<database>Unknown</database>
	</source>
	<size>
		<width>1200</width>
		<height>1200</height>
		<depth>3</depth>
	</size>
	<segmented>0</segmented>
	<object>
		<name>Tom Brady</name>
		<pose>Unspecified</pose>
		<truncated>0</truncated>
		<difficult>0</difficult>
		<bndbox>
			<xmin>183</xmin>
			<ymin>354</ymin>
			<xmax>521</xmax>
			<ymax>760</ymax>
		</bndbox>
	</object>
	<object>
		<name>Tom Brady</name>
		<pose>Unspecified</pose>
		<truncated>0</truncated>
		<difficult>0</difficult>
		<bndbox>
			<xmin>339</xmin>
			<ymin>669</ymin>
			<xmax>557</xmax>
			<ymax>1061</ymax>
		</bndbox>
	</object>
	<object>
		<name>Tom Brady</name>
		<pose>Unspecified</pose>
		<truncated>0</truncated>
		<difficult>0</difficult>
		<bndbox>
			<xmin>589</xmin>
			<ymin>647</ymin>
			<xmax>809</xmax>
			<ymax>1188</ymax>
		</bndbox>
	</object>
	<object>
		<name>Tom Brady</name>
		<pose>Unspecified</pose>
		<truncated>0</truncated>
		<difficult>0</difficult>
		<bndbox>
			<xmin>665</xmin>
			<ymin>311</ymin>
			<xmax>983</xmax>
			<ymax>795</ymax>
		</bndbox>
	</object>
	<object>
		<name>Tom Brady</name>
		<pose>Unspecified</pose>
		<truncated>0</truncated>
		<difficult>0</difficult>
		<bndbox>
			<xmin>461</xmin>
			<ymin>14</ymin>
			<xmax>803</xmax>
			<ymax>360</ymax>
		</bndbox>
	</object>
</annotation>
