<annotation>
	<folder>1-split</folder>
	<filename>O_1168.jpg</filename>
	<path>C:\Users\lenovo\Documents\【001】准研\work\dataset\Twitter2017\split10\img_split_vinvl_10\1-split\O_1168.jpg</path>
	<source>
		<database>Unknown</database>
	</source>
	<size>
		<width>702</width>
		<height>934</height>
		<depth>3</depth>
	</size>
	<segmented>0</segmented>
	<object>
		<name>Jennifer Aniston</name>
		<pose>Unspecified</pose>
		<truncated>0</truncated>
		<difficult>0</difficult>
		<bndbox>
			<xmin>51</xmin>
			<ymin>12</ymin>
			<xmax>321</xmax>
			<ymax>929</ymax>
		</bndbox>
	</object>
	<object>
		<name>Jennifer Aniston</name>
		<pose>Unspecified</pose>
		<truncated>1</truncated>
		<difficult>0</difficult>
		<bndbox>
			<xmin>346</xmin>
			<ymin>21</ymin>
			<xmax>702</xmax>
			<ymax>923</ymax>
		</bndbox>
	</object>
</annotation>
