<annotation>
	<folder>1-split</folder>
	<filename>O_134.jpg</filename>
	<path>C:\Users\lenovo\Documents\【001】准研\work\dataset\twitter2017_split14\img_split\1-split\O_134.jpg</path>
	<source>
		<database>Unknown</database>
	</source>
	<size>
		<width>600</width>
		<height>427</height>
		<depth>3</depth>
	</size>
	<segmented>0</segmented>
	<object>
		<name>Demi Lovato</name>
		<pose>Unspecified</pose>
		<truncated>1</truncated>
		<difficult>0</difficult>
		<bndbox>
			<xmin>212</xmin>
			<ymin>95</ymin>
			<xmax>375</xmax>
			<ymax>427</ymax>
		</bndbox>
	</object>
	<object>
		<name>Nick Jonas</name>
		<pose>Unspecified</pose>
		<truncated>1</truncated>
		<difficult>0</difficult>
		<bndbox>
			<xmin>381</xmin>
			<ymin>26</ymin>
			<xmax>600</xmax>
			<ymax>427</ymax>
		</bndbox>
	</object>
	<object>
		<name>Wilmer Valderrama</name>
		<pose>Unspecified</pose>
		<truncated>1</truncated>
		<difficult>0</difficult>
		<bndbox>
			<xmin>1</xmin>
			<ymin>85</ymin>
			<xmax>222</xmax>
			<ymax>427</ymax>
		</bndbox>
	</object>
</annotation>
