<annotation>
	<folder>2-split</folder>
	<filename>O_1552.jpg</filename>
	<path>C:\Users\lenovo\Documents\【001】准研\work\dataset\Twitter2017\split10\img_split_vinvl_10\2-split\O_1552.jpg</path>
	<source>
		<database>Unknown</database>
	</source>
	<size>
		<width>480</width>
		<height>640</height>
		<depth>3</depth>
	</size>
	<segmented>0</segmented>
	<object>
		<name>Fifth Harmony</name>
		<pose>Unspecified</pose>
		<truncated>0</truncated>
		<difficult>0</difficult>
		<bndbox>
			<xmin>375</xmin>
			<ymin>184</ymin>
			<xmax>440</xmax>
			<ymax>225</ymax>
		</bndbox>
	</object>
	<object>
		<name>Fifth Harmony</name>
		<pose>Unspecified</pose>
		<truncated>0</truncated>
		<difficult>0</difficult>
		<bndbox>
			<xmin>191</xmin>
			<ymin>165</ymin>
			<xmax>243</xmax>
			<ymax>206</ymax>
		</bndbox>
	</object>
	<object>
		<name>Fifth Harmony</name>
		<pose>Unspecified</pose>
		<truncated>0</truncated>
		<difficult>0</difficult>
		<bndbox>
			<xmin>60</xmin>
			<ymin>162</ymin>
			<xmax>104</xmax>
			<ymax>197</ymax>
		</bndbox>
	</object>
	<object>
		<name>Kesha</name>
		<pose>Unspecified</pose>
		<truncated>0</truncated>
		<difficult>0</difficult>
		<bndbox>
			<xmin>311</xmin>
			<ymin>212</ymin>
			<xmax>379</xmax>
			<ymax>304</ymax>
		</bndbox>
	</object>
	<object>
		<name>Kelly Rowland</name>
		<pose>Unspecified</pose>
		<truncated>0</truncated>
		<difficult>0</difficult>
		<bndbox>
			<xmin>415</xmin>
			<ymin>122</ymin>
			<xmax>456</xmax>
			<ymax>174</ymax>
		</bndbox>
	</object>
</annotation>
