<annotation>
	<folder>2-split</folder>
	<filename>O_1593.jpg</filename>
	<path>C:\Users\lenovo\Documents\【001】准研\work\dataset\Twitter2017\split10\img_split_vinvl_10\2-split\O_1593.jpg</path>
	<source>
		<database>Unknown</database>
	</source>
	<size>
		<width>333</width>
		<height>500</height>
		<depth>3</depth>
	</size>
	<segmented>0</segmented>
	<object>
		<name>Van Morrison</name>
		<pose>Unspecified</pose>
		<truncated>0</truncated>
		<difficult>0</difficult>
		<bndbox>
			<xmin>193</xmin>
			<ymin>227</ymin>
			<xmax>321</xmax>
			<ymax>466</ymax>
		</bndbox>
	</object>
	<object>
		<name>Jim Morrison</name>
		<pose>Unspecified</pose>
		<truncated>0</truncated>
		<difficult>0</difficult>
		<bndbox>
			<xmin>7</xmin>
			<ymin>115</ymin>
			<xmax>194</xmax>
			<ymax>471</ymax>
		</bndbox>
	</object>
</annotation>
