<annotation>
	<folder>dev</folder>
	<filename>O_1544_region.jpg</filename>
	<path>D:\PyCharm\BERT_NER\data\images\twitter2017_region\dev\O_1544_region.jpg</path>
	<source>
		<database>Unknown</database>
	</source>
	<size>
		<width>541</width>
		<height>360</height>
		<depth>3</depth>
	</size>
	<segmented>0</segmented>
	<object>
		<name>Jim Carrey</name>
		<pose>Unspecified</pose>
		<truncated>1</truncated>
		<difficult>0</difficult>
		<bndbox>
			<xmin>1</xmin>
			<ymin>3</ymin>
			<xmax>303</xmax>
			<ymax>360</ymax>
		</bndbox>
	</object>
	<object>
		<name>Jim Carrey</name>
		<pose>Unspecified</pose>
		<truncated>1</truncated>
		<difficult>0</difficult>
		<bndbox>
			<xmin>293</xmin>
			<ymin>4</ymin>
			<xmax>541</xmax>
			<ymax>360</ymax>
		</bndbox>
	</object>
</annotation>
