<annotation>
	<folder>2-split</folder>
	<filename>O_1744.jpg</filename>
	<path>C:\Users\lenovo\Documents\【001】准研\work\dataset\Twitter2017\split10\img_split_vinvl_10\2-split\O_1744.jpg</path>
	<source>
		<database>Unknown</database>
	</source>
	<size>
		<width>600</width>
		<height>840</height>
		<depth>3</depth>
	</size>
	<segmented>0</segmented>
	<object>
		<name>james mcavoy</name>
		<pose>Unspecified</pose>
		<truncated>0</truncated>
		<difficult>0</difficult>
		<bndbox>
			<xmin>390</xmin>
			<ymin>17</ymin>
			<xmax>575</xmax>
			<ymax>273</ymax>
		</bndbox>
	</object>
	<object>
		<name>james mcavoy</name>
		<pose>Unspecified</pose>
		<truncated>0</truncated>
		<difficult>0</difficult>
		<bndbox>
			<xmin>403</xmin>
			<ymin>302</ymin>
			<xmax>578</xmax>
			<ymax>559</ymax>
		</bndbox>
	</object>
	<object>
		<name>james mcavoy</name>
		<pose>Unspecified</pose>
		<truncated>1</truncated>
		<difficult>0</difficult>
		<bndbox>
			<xmin>404</xmin>
			<ymin>585</ymin>
			<xmax>579</xmax>
			<ymax>840</ymax>
		</bndbox>
	</object>
	<object>
		<name>jennifer lawrence</name>
		<pose>Unspecified</pose>
		<truncated>0</truncated>
		<difficult>0</difficult>
		<bndbox>
			<xmin>213</xmin>
			<ymin>29</ymin>
			<xmax>383</xmax>
			<ymax>275</ymax>
		</bndbox>
	</object>
	<object>
		<name>jennifer lawrence</name>
		<pose>Unspecified</pose>
		<truncated>0</truncated>
		<difficult>0</difficult>
		<bndbox>
			<xmin>195</xmin>
			<ymin>303</ymin>
			<xmax>386</xmax>
			<ymax>556</ymax>
		</bndbox>
	</object>
	<object>
		<name>jennifer lawrence</name>
		<pose>Unspecified</pose>
		<truncated>1</truncated>
		<difficult>0</difficult>
		<bndbox>
			<xmin>216</xmin>
			<ymin>595</ymin>
			<xmax>386</xmax>
			<ymax>840</ymax>
		</bndbox>
	</object>
</annotation>
