<annotation>
	<folder>2-split</folder>
	<filename>O_1962.jpg</filename>
	<path>C:\Users\lenovo\Documents\【001】准研\work\dataset\Twitter2017\split10\img_split_vinvl_10\2-split\O_1962.jpg</path>
	<source>
		<database>Unknown</database>
	</source>
	<size>
		<width>600</width>
		<height>459</height>
		<depth>3</depth>
	</size>
	<segmented>0</segmented>
	<object>
		<name>Jon Voight</name>
		<pose>Unspecified</pose>
		<truncated>0</truncated>
		<difficult>0</difficult>
		<bndbox>
			<xmin>137</xmin>
			<ymin>127</ymin>
			<xmax>428</xmax>
			<ymax>430</ymax>
		</bndbox>
	</object>
</annotation>
