<annotation>
	<folder>dev</folder>
	<filename>O_1977_region.jpg</filename>
	<path>D:\PyCharm\BERT_NER\data\images\twitter2017_region\dev\O_1977_region.jpg</path>
	<source>
		<database>Unknown</database>
	</source>
	<size>
		<width>960</width>
		<height>717</height>
		<depth>3</depth>
	</size>
	<segmented>0</segmented>
	<object>
		<name>Steve Jobs</name>
		<pose>Unspecified</pose>
		<truncated>0</truncated>
		<difficult>0</difficult>
		<bndbox>
			<xmin>8</xmin>
			<ymin>230</ymin>
			<xmax>681</xmax>
			<ymax>716</ymax>
		</bndbox>
	</object>
	<object>
		<name>Apple</name>
		<pose>Unspecified</pose>
		<truncated>0</truncated>
		<difficult>0</difficult>
		<bndbox>
			<xmin>510</xmin>
			<ymin>381</ymin>
			<xmax>633</xmax>
			<ymax>570</ymax>
		</bndbox>
	</object>
</annotation>
