<annotation>
	<folder>2-split</folder>
	<filename>O_2065.jpg</filename>
	<path>C:\Users\lenovo\Documents\【001】准研\work\dataset\Twitter2017\split10\img_split_vinvl_10\2-split\O_2065.jpg</path>
	<source>
		<database>Unknown</database>
	</source>
	<size>
		<width>611</width>
		<height>732</height>
		<depth>3</depth>
	</size>
	<segmented>0</segmented>
	<object>
		<name>Justin Bieber</name>
		<pose>Unspecified</pose>
		<truncated>0</truncated>
		<difficult>0</difficult>
		<bndbox>
			<xmin>228</xmin>
			<ymin>91</ymin>
			<xmax>358</xmax>
			<ymax>298</ymax>
		</bndbox>
	</object>
</annotation>
