<annotation>
	<folder>dev</folder>
	<filename>O_2059_region.jpg</filename>
	<path>D:\PyCharm\BERT_NER\data\images\twitter2017_region\dev\O_2059_region.jpg</path>
	<source>
		<database>Unknown</database>
	</source>
	<size>
		<width>600</width>
		<height>365</height>
		<depth>3</depth>
	</size>
	<segmented>0</segmented>
	<object>
		<name>Kevin Durant</name>
		<pose>Unspecified</pose>
		<truncated>0</truncated>
		<difficult>0</difficult>
		<bndbox>
			<xmin>62</xmin>
			<ymin>3</ymin>
			<xmax>310</xmax>
			<ymax>362</ymax>
		</bndbox>
	</object>
	<object>
		<name>Russell Westbrook</name>
		<pose>Unspecified</pose>
		<truncated>0</truncated>
		<difficult>0</difficult>
		<bndbox>
			<xmin>315</xmin>
			<ymin>32</ymin>
			<xmax>595</xmax>
			<ymax>362</ymax>
		</bndbox>
	</object>
</annotation>
