<annotation>
	<folder>2-split</folder>
	<filename>O_2264.jpg</filename>
	<path>C:\Users\lenovo\Documents\【001】准研\work\dataset\Twitter2017\split10\img_split_vinvl_10\2-split\O_2264.jpg</path>
	<source>
		<database>Unknown</database>
	</source>
	<size>
		<width>410</width>
		<height>783</height>
		<depth>3</depth>
	</size>
	<segmented>0</segmented>
	<object>
		<name>Tom Felton</name>
		<pose>Unspecified</pose>
		<truncated>0</truncated>
		<difficult>0</difficult>
		<bndbox>
			<xmin>189</xmin>
			<ymin>15</ymin>
			<xmax>340</xmax>
			<ymax>228</ymax>
		</bndbox>
	</object>
	<object>
		<name>Tom Felton</name>
		<pose>Unspecified</pose>
		<truncated>0</truncated>
		<difficult>0</difficult>
		<bndbox>
			<xmin>212</xmin>
			<ymin>279</ymin>
			<xmax>382</xmax>
			<ymax>493</ymax>
		</bndbox>
	</object>
	<object>
		<name>Tom Felton</name>
		<pose>Unspecified</pose>
		<truncated>0</truncated>
		<difficult>0</difficult>
		<bndbox>
			<xmin>157</xmin>
			<ymin>546</ymin>
			<xmax>368</xmax>
			<ymax>765</ymax>
		</bndbox>
	</object>
	<object>
		<name>Daniel Radcliffe</name>
		<pose>Unspecified</pose>
		<truncated>0</truncated>
		<difficult>0</difficult>
		<bndbox>
			<xmin>96</xmin>
			<ymin>107</ymin>
			<xmax>202</xmax>
			<ymax>231</ymax>
		</bndbox>
	</object>
	<object>
		<name>Daniel Radcliffe</name>
		<pose>Unspecified</pose>
		<truncated>0</truncated>
		<difficult>0</difficult>
		<bndbox>
			<xmin>75</xmin>
			<ymin>349</ymin>
			<xmax>223</xmax>
			<ymax>493</ymax>
		</bndbox>
	</object>
	<object>
		<name>Daniel Radcliffe</name>
		<pose>Unspecified</pose>
		<truncated>0</truncated>
		<difficult>0</difficult>
		<bndbox>
			<xmin>93</xmin>
			<ymin>578</ymin>
			<xmax>184</xmax>
			<ymax>708</ymax>
		</bndbox>
	</object>
</annotation>
