<annotation>
	<folder>2-split</folder>
	<filename>O_2476.jpg</filename>
	<path>C:\Users\lenovo\Documents\【001】准研\work\dataset\Twitter2017\split10\img_split_vinvl_10\2-split\O_2476.jpg</path>
	<source>
		<database>Unknown</database>
	</source>
	<size>
		<width>575</width>
		<height>1024</height>
		<depth>3</depth>
	</size>
	<segmented>0</segmented>
	<object>
		<name>Pink</name>
		<pose>Unspecified</pose>
		<truncated>1</truncated>
		<difficult>0</difficult>
		<bndbox>
			<xmin>236</xmin>
			<ymin>323</ymin>
			<xmax>575</xmax>
			<ymax>698</ymax>
		</bndbox>
	</object>
	<object>
		<name>Justin Timberlake</name>
		<pose>Unspecified</pose>
		<truncated>0</truncated>
		<difficult>0</difficult>
		<bndbox>
			<xmin>2</xmin>
			<ymin>344</ymin>
			<xmax>245</xmax>
			<ymax>701</ymax>
		</bndbox>
	</object>
</annotation>
