<annotation>
	<folder>1-split</folder>
	<filename>O_256.jpg</filename>
	<path>/home/lzy/Documents/dataset/twitter2017/twitter2017_split10/img_split_vinvl_10/1-split/O_256.jpg</path>
	<source>
		<database>Unknown</database>
	</source>
	<size>
		<width>540</width>
		<height>540</height>
		<depth>3</depth>
	</size>
	<segmented>0</segmented>
	<object>
		<name>Emma Watson</name>
		<pose>Unspecified</pose>
		<truncated>0</truncated>
		<difficult>0</difficult>
		<bndbox>
			<xmin>180</xmin>
			<ymin>56</ymin>
			<xmax>349</xmax>
			<ymax>517</ymax>
		</bndbox>
	</object>
</annotation>
