<annotation>
	<folder>3-split</folder>
	<filename>O_2714.jpg</filename>
	<path>C:\Users\lenovo\Documents\【001】准研\work\dataset\Twitter2017\split10\img_split_vinvl_10\3-split\O_2714.jpg</path>
	<source>
		<database>Unknown</database>
	</source>
	<size>
		<width>504</width>
		<height>785</height>
		<depth>3</depth>
	</size>
	<segmented>0</segmented>
	<object>
		<name>Harry Styles</name>
		<pose>Unspecified</pose>
		<truncated>1</truncated>
		<difficult>0</difficult>
		<bndbox>
			<xmin>34</xmin>
			<ymin>27</ymin>
			<xmax>504</xmax>
			<ymax>785</ymax>
		</bndbox>
	</object>
</annotation>
