<annotation>
	<folder>1-split</folder>
	<filename>O_283.jpg</filename>
	<path>/home/lzy/Documents/dataset/twitter2017/twitter2017_split10/img_split_vinvl_10/1-split/O_283.jpg</path>
	<source>
		<database>Unknown</database>
	</source>
	<size>
		<width>499</width>
		<height>604</height>
		<depth>3</depth>
	</size>
	<segmented>0</segmented>
	<object>
		<name>Claire Danes</name>
		<pose>Unspecified</pose>
		<truncated>1</truncated>
		<difficult>0</difficult>
		<bndbox>
			<xmin>36</xmin>
			<ymin>2</ymin>
			<xmax>479</xmax>
			<ymax>604</ymax>
		</bndbox>
	</object>
</annotation>
