<annotation>
	<folder>3-split</folder>
	<filename>O_2927.jpg</filename>
	<path>C:\Users\lenovo\Documents\【001】准研\work\dataset\Twitter2017\split10\img_split_vinvl_10\3-split\O_2927.jpg</path>
	<source>
		<database>Unknown</database>
	</source>
	<size>
		<width>600</width>
		<height>411</height>
		<depth>3</depth>
	</size>
	<segmented>0</segmented>
	<object>
		<name>Nick Jonas</name>
		<pose>Unspecified</pose>
		<truncated>1</truncated>
		<difficult>0</difficult>
		<bndbox>
			<xmin>5</xmin>
			<ymin>70</ymin>
			<xmax>194</xmax>
			<ymax>411</ymax>
		</bndbox>
	</object>
	<object>
		<name>Demi Lovato</name>
		<pose>Unspecified</pose>
		<truncated>1</truncated>
		<difficult>0</difficult>
		<bndbox>
			<xmin>159</xmin>
			<ymin>118</ymin>
			<xmax>316</xmax>
			<ymax>411</ymax>
		</bndbox>
	</object>
	<object>
		<name>JKCorden</name>
		<pose>Unspecified</pose>
		<truncated>1</truncated>
		<difficult>0</difficult>
		<bndbox>
			<xmin>274</xmin>
			<ymin>60</ymin>
			<xmax>542</xmax>
			<ymax>411</ymax>
		</bndbox>
	</object>
</annotation>
