<annotation>
	<folder>3-split</folder>
	<filename>O_2918.jpg</filename>
	<path>C:\Users\lenovo\Documents\【001】准研\work\dataset\Twitter2017\split10\img_split_vinvl_10\3-split\O_2918.jpg</path>
	<source>
		<database>Unknown</database>
	</source>
	<size>
		<width>600</width>
		<height>397</height>
		<depth>3</depth>
	</size>
	<segmented>0</segmented>
	<object>
		<name>Justin Bieber</name>
		<pose>Unspecified</pose>
		<truncated>1</truncated>
		<difficult>0</difficult>
		<bndbox>
			<xmin>18</xmin>
			<ymin>82</ymin>
			<xmax>244</xmax>
			<ymax>397</ymax>
		</bndbox>
	</object>
	<object>
		<name>J Balvin</name>
		<pose>Unspecified</pose>
		<truncated>1</truncated>
		<difficult>0</difficult>
		<bndbox>
			<xmin>288</xmin>
			<ymin>43</ymin>
			<xmax>597</xmax>
			<ymax>397</ymax>
		</bndbox>
	</object>
</annotation>
