<annotation>
	<folder>3-split</folder>
	<filename>O_3031.jpg</filename>
	<path>C:\Users\lenovo\Documents\【001】准研\work\dataset\Twitter2017\split10\img_split_vinvl_10\3-split\O_3031.jpg</path>
	<source>
		<database>Unknown</database>
	</source>
	<size>
		<width>215</width>
		<height>765</height>
		<depth>3</depth>
	</size>
	<segmented>0</segmented>
	<object>
		<name>Harry styles</name>
		<pose>Unspecified</pose>
		<truncated>1</truncated>
		<difficult>0</difficult>
		<bndbox>
			<xmin>4</xmin>
			<ymin>146</ymin>
			<xmax>215</xmax>
			<ymax>684</ymax>
		</bndbox>
	</object>
</annotation>
