<annotation>
	<folder>3-split</folder>
	<filename>O_3184.jpg</filename>
	<path>C:\Users\lenovo\Documents\【001】准研\work\dataset\Twitter2017\split10\img_split_vinvl_10\3-split\O_3184.jpg</path>
	<source>
		<database>Unknown</database>
	</source>
	<size>
		<width>600</width>
		<height>338</height>
		<depth>3</depth>
	</size>
	<segmented>0</segmented>
	<object>
		<name>Ryan Murphy</name>
		<pose>Unspecified</pose>
		<truncated>0</truncated>
		<difficult>0</difficult>
		<bndbox>
			<xmin>59</xmin>
			<ymin>2</ymin>
			<xmax>248</xmax>
			<ymax>166</ymax>
		</bndbox>
	</object>
	<object>
		<name>Jessica Lange</name>
		<pose>Unspecified</pose>
		<truncated>0</truncated>
		<difficult>0</difficult>
		<bndbox>
			<xmin>340</xmin>
			<ymin>4</ymin>
			<xmax>515</xmax>
			<ymax>167</ymax>
		</bndbox>
	</object>
	<object>
		<name>Susan Sarandon</name>
		<pose>Unspecified</pose>
		<truncated>1</truncated>
		<difficult>0</difficult>
		<bndbox>
			<xmin>16</xmin>
			<ymin>170</ymin>
			<xmax>217</xmax>
			<ymax>338</ymax>
		</bndbox>
	</object>
</annotation>
