<annotation>
	<folder>3-split</folder>
	<filename>O_3145.jpg</filename>
	<path>C:\Users\lenovo\Documents\【001】准研\work\dataset\Twitter2017\split10\img_split_vinvl_10\3-split\O_3145.jpg</path>
	<source>
		<database>Unknown</database>
	</source>
	<size>
		<width>505</width>
		<height>1024</height>
		<depth>3</depth>
	</size>
	<segmented>0</segmented>
	<object>
		<name>Harry Potter</name>
		<pose>Unspecified</pose>
		<truncated>0</truncated>
		<difficult>0</difficult>
		<bndbox>
			<xmin>10</xmin>
			<ymin>3</ymin>
			<xmax>116</xmax>
			<ymax>112</ymax>
		</bndbox>
	</object>
	<object>
		<name>Harry Potter</name>
		<pose>Unspecified</pose>
		<truncated>0</truncated>
		<difficult>0</difficult>
		<bndbox>
			<xmin>386</xmin>
			<ymin>4</ymin>
			<xmax>492</xmax>
			<ymax>112</ymax>
		</bndbox>
	</object>
	<object>
		<name>Harry Potter</name>
		<pose>Unspecified</pose>
		<truncated>0</truncated>
		<difficult>0</difficult>
		<bndbox>
			<xmin>9</xmin>
			<ymin>154</ymin>
			<xmax>115</xmax>
			<ymax>267</ymax>
		</bndbox>
	</object>
	<object>
		<name>Harry Potter</name>
		<pose>Unspecified</pose>
		<truncated>0</truncated>
		<difficult>0</difficult>
		<bndbox>
			<xmin>387</xmin>
			<ymin>157</ymin>
			<xmax>495</xmax>
			<ymax>263</ymax>
		</bndbox>
	</object>
	<object>
		<name>Harry Potter</name>
		<pose>Unspecified</pose>
		<truncated>0</truncated>
		<difficult>0</difficult>
		<bndbox>
			<xmin>386</xmin>
			<ymin>309</ymin>
			<xmax>492</xmax>
			<ymax>414</ymax>
		</bndbox>
	</object>
	<object>
		<name>Harry Potter</name>
		<pose>Unspecified</pose>
		<truncated>0</truncated>
		<difficult>0</difficult>
		<bndbox>
			<xmin>386</xmin>
			<ymin>458</ymin>
			<xmax>493</xmax>
			<ymax>562</ymax>
		</bndbox>
	</object>
	<object>
		<name>Harry Potter</name>
		<pose>Unspecified</pose>
		<truncated>0</truncated>
		<difficult>0</difficult>
		<bndbox>
			<xmin>386</xmin>
			<ymin>607</ymin>
			<xmax>494</xmax>
			<ymax>719</ymax>
		</bndbox>
	</object>
	<object>
		<name>Harry Potter</name>
		<pose>Unspecified</pose>
		<truncated>0</truncated>
		<difficult>0</difficult>
		<bndbox>
			<xmin>388</xmin>
			<ymin>760</ymin>
			<xmax>494</xmax>
			<ymax>867</ymax>
		</bndbox>
	</object>
	<object>
		<name>Harry Potter</name>
		<pose>Unspecified</pose>
		<truncated>0</truncated>
		<difficult>0</difficult>
		<bndbox>
			<xmin>386</xmin>
			<ymin>915</ymin>
			<xmax>493</xmax>
			<ymax>1018</ymax>
		</bndbox>
	</object>
	<object>
		<name>Harry Potter</name>
		<pose>Unspecified</pose>
		<truncated>1</truncated>
		<difficult>0</difficult>
		<bndbox>
			<xmin>13</xmin>
			<ymin>911</ymin>
			<xmax>120</xmax>
			<ymax>1024</ymax>
		</bndbox>
	</object>
	<object>
		<name>Harry Potter</name>
		<pose>Unspecified</pose>
		<truncated>0</truncated>
		<difficult>0</difficult>
		<bndbox>
			<xmin>11</xmin>
			<ymin>760</ymin>
			<xmax>117</xmax>
			<ymax>868</ymax>
		</bndbox>
	</object>
	<object>
		<name>Harry Potter</name>
		<pose>Unspecified</pose>
		<truncated>0</truncated>
		<difficult>0</difficult>
		<bndbox>
			<xmin>10</xmin>
			<ymin>612</ymin>
			<xmax>115</xmax>
			<ymax>715</ymax>
		</bndbox>
	</object>
	<object>
		<name>Harry Potter</name>
		<pose>Unspecified</pose>
		<truncated>0</truncated>
		<difficult>0</difficult>
		<bndbox>
			<xmin>12</xmin>
			<ymin>459</ymin>
			<xmax>118</xmax>
			<ymax>564</ymax>
		</bndbox>
	</object>
	<object>
		<name>Harry Potter</name>
		<pose>Unspecified</pose>
		<truncated>0</truncated>
		<difficult>0</difficult>
		<bndbox>
			<xmin>12</xmin>
			<ymin>304</ymin>
			<xmax>119</xmax>
			<ymax>412</ymax>
		</bndbox>
	</object>
</annotation>
