<annotation>
	<folder>3-split</folder>
	<filename>O_3219.jpg</filename>
	<path>C:\Users\lenovo\Documents\【001】准研\work\dataset\Twitter2017\split10\img_split_vinvl_10\3-split\O_3219.jpg</path>
	<source>
		<database>Unknown</database>
	</source>
	<size>
		<width>600</width>
		<height>595</height>
		<depth>3</depth>
	</size>
	<segmented>0</segmented>
	<object>
		<name>Michelle Obama</name>
		<pose>Unspecified</pose>
		<truncated>1</truncated>
		<difficult>0</difficult>
		<bndbox>
			<xmin>256</xmin>
			<ymin>44</ymin>
			<xmax>551</xmax>
			<ymax>595</ymax>
		</bndbox>
	</object>
	<object>
		<name>Prince Harry</name>
		<pose>Unspecified</pose>
		<truncated>1</truncated>
		<difficult>0</difficult>
		<bndbox>
			<xmin>17</xmin>
			<ymin>16</ymin>
			<xmax>520</xmax>
			<ymax>595</ymax>
		</bndbox>
	</object>
</annotation>
