<annotation>
	<folder>1-split</folder>
	<filename>O_322.jpg</filename>
	<path>/home/lzy/Documents/dataset/twitter2017/twitter2017_split10/img_split_vinvl_10/1-split/O_322.jpg</path>
	<source>
		<database>Unknown</database>
	</source>
	<size>
		<width>600</width>
		<height>342</height>
		<depth>3</depth>
	</size>
	<segmented>0</segmented>
	<object>
		<name>The Sun</name>
		<pose>Unspecified</pose>
		<truncated>0</truncated>
		<difficult>0</difficult>
		<bndbox>
			<xmin>132</xmin>
			<ymin>28</ymin>
			<xmax>404</xmax>
			<ymax>113</ymax>
		</bndbox>
	</object>
</annotation>
