<annotation>
	<folder>3-split</folder>
	<filename>O_3224.jpg</filename>
	<path>C:\Users\lenovo\Documents\【001】准研\work\dataset\Twitter2017\split10\img_split_vinvl_10\3-split\O_3224.jpg</path>
	<source>
		<database>Unknown</database>
	</source>
	<size>
		<width>600</width>
		<height>300</height>
		<depth>3</depth>
	</size>
	<segmented>0</segmented>
	<object>
		<name>X - MEN : APOCALYPSE</name>
		<pose>Unspecified</pose>
		<truncated>1</truncated>
		<difficult>0</difficult>
		<bndbox>
			<xmin>1</xmin>
			<ymin>1</ymin>
			<xmax>600</xmax>
			<ymax>300</ymax>
		</bndbox>
	</object>
	<object>
		<name>Jennifer Lawrence</name>
		<pose>Unspecified</pose>
		<truncated>1</truncated>
		<difficult>0</difficult>
		<bndbox>
			<xmin>76</xmin>
			<ymin>54</ymin>
			<xmax>262</xmax>
			<ymax>300</ymax>
		</bndbox>
	</object>
</annotation>
