<annotation>
	<folder>dev</folder>
	<filename>O_320_region.jpg</filename>
	<path>D:\PyCharm\BERT_NER\data\images\twitter2017_region\dev\O_320_region.jpg</path>
	<source>
		<database>Unknown</database>
	</source>
	<size>
		<width>600</width>
		<height>626</height>
		<depth>3</depth>
	</size>
	<segmented>0</segmented>
	<object>
		<name>Donald Trump</name>
		<pose>Unspecified</pose>
		<truncated>0</truncated>
		<difficult>0</difficult>
		<bndbox>
			<xmin>49</xmin>
			<ymin>2</ymin>
			<xmax>506</xmax>
			<ymax>488</ymax>
		</bndbox>
	</object>
</annotation>
