<annotation>
	<folder>3-split</folder>
	<filename>O_3345.jpg</filename>
	<path>C:\Users\lenovo\Documents\【001】准研\work\dataset\Twitter2017\split10\img_split_vinvl_10\3-split\O_3345.jpg</path>
	<source>
		<database>Unknown</database>
	</source>
	<size>
		<width>599</width>
		<height>674</height>
		<depth>3</depth>
	</size>
	<segmented>0</segmented>
	<object>
		<name>Stephen Hawking</name>
		<pose>Unspecified</pose>
		<truncated>1</truncated>
		<difficult>0</difficult>
		<bndbox>
			<xmin>72</xmin>
			<ymin>56</ymin>
			<xmax>405</xmax>
			<ymax>674</ymax>
		</bndbox>
	</object>
	<object>
		<name>Jane Wilde</name>
		<pose>Unspecified</pose>
		<truncated>1</truncated>
		<difficult>0</difficult>
		<bndbox>
			<xmin>303</xmin>
			<ymin>122</ymin>
			<xmax>574</xmax>
			<ymax>674</ymax>
		</bndbox>
	</object>
</annotation>
