<annotation>
	<folder>dev</folder>
	<filename>O_3435_region.jpg</filename>
	<path>D:\PyCharm\BERT_NER\data\images\twitter2017_region\dev\O_3435_region.jpg</path>
	<source>
		<database>Unknown</database>
	</source>
	<size>
		<width>600</width>
		<height>402</height>
		<depth>3</depth>
	</size>
	<segmented>0</segmented>
	<object>
		<name>James Cameron</name>
		<pose>Unspecified</pose>
		<truncated>1</truncated>
		<difficult>0</difficult>
		<bndbox>
			<xmin>1</xmin>
			<ymin>151</ymin>
			<xmax>163</xmax>
			<ymax>395</ymax>
		</bndbox>
	</object>
	<object>
		<name>Leonardo DiCaprio</name>
		<pose>Unspecified</pose>
		<truncated>0</truncated>
		<difficult>0</difficult>
		<bndbox>
			<xmin>170</xmin>
			<ymin>94</ymin>
			<xmax>281</xmax>
			<ymax>276</ymax>
		</bndbox>
	</object>
	<object>
		<name>Kate Winslet</name>
		<pose>Unspecified</pose>
		<truncated>0</truncated>
		<difficult>0</difficult>
		<bndbox>
			<xmin>249</xmin>
			<ymin>90</ymin>
			<xmax>402</xmax>
			<ymax>239</ymax>
		</bndbox>
	</object>
</annotation>
