<annotation>
	<folder>3-split</folder>
	<filename>O_3581.jpg</filename>
	<path>C:\Users\lenovo\Documents\【001】准研\work\dataset\Twitter2017\split10\img_split_vinvl_10\3-split\O_3581.jpg</path>
	<source>
		<database>Unknown</database>
	</source>
	<size>
		<width>1200</width>
		<height>676</height>
		<depth>3</depth>
	</size>
	<segmented>0</segmented>
	<object>
		<name>Russell Westbrook</name>
		<pose>Unspecified</pose>
		<truncated>1</truncated>
		<difficult>0</difficult>
		<bndbox>
			<xmin>544</xmin>
			<ymin>36</ymin>
			<xmax>1031</xmax>
			<ymax>676</ymax>
		</bndbox>
	</object>
</annotation>
