<annotation>
	<folder>3-split</folder>
	<filename>O_3796.jpg</filename>
	<path>C:\Users\lenovo\Documents\【001】准研\work\dataset\Twitter2017\split10\img_split_vinvl_10\3-split\O_3796.jpg</path>
	<source>
		<database>Unknown</database>
	</source>
	<size>
		<width>553</width>
		<height>369</height>
		<depth>3</depth>
	</size>
	<segmented>0</segmented>
	<object>
		<name>Marc Benioff</name>
		<pose>Unspecified</pose>
		<truncated>1</truncated>
		<difficult>0</difficult>
		<bndbox>
			<xmin>136</xmin>
			<ymin>18</ymin>
			<xmax>396</xmax>
			<ymax>369</ymax>
		</bndbox>
	</object>
</annotation>
