<annotation>
	<folder>4-split</folder>
	<filename>O_3958.jpg</filename>
	<path>C:\Users\lenovo\Documents\【001】准研\work\dataset\Twitter2017\split10\img_split_vinvl_10\4-split\O_3958.jpg</path>
	<source>
		<database>Unknown</database>
	</source>
	<size>
		<width>939</width>
		<height>491</height>
		<depth>3</depth>
	</size>
	<segmented>0</segmented>
	<object>
		<name>Donald Trump</name>
		<pose>Unspecified</pose>
		<truncated>1</truncated>
		<difficult>0</difficult>
		<bndbox>
			<xmin>472</xmin>
			<ymin>2</ymin>
			<xmax>939</xmax>
			<ymax>491</ymax>
		</bndbox>
	</object>
	<object>
		<name>Stephen King</name>
		<pose>Unspecified</pose>
		<truncated>1</truncated>
		<difficult>0</difficult>
		<bndbox>
			<xmin>4</xmin>
			<ymin>4</ymin>
			<xmax>456</xmax>
			<ymax>491</ymax>
		</bndbox>
	</object>
</annotation>
