<annotation>
	<folder>4-split</folder>
	<filename>O_3964.jpg</filename>
	<path>C:\Users\lenovo\Documents\【001】准研\work\dataset\Twitter2017\split10\img_split_vinvl_10\4-split\O_3964.jpg</path>
	<source>
		<database>Unknown</database>
	</source>
	<size>
		<width>494</width>
		<height>336</height>
		<depth>3</depth>
	</size>
	<segmented>0</segmented>
	<object>
		<name>Donald Duck</name>
		<pose>Unspecified</pose>
		<truncated>0</truncated>
		<difficult>0</difficult>
		<bndbox>
			<xmin>278</xmin>
			<ymin>104</ymin>
			<xmax>475</xmax>
			<ymax>307</ymax>
		</bndbox>
	</object>
	<object>
		<name>Donald Duck</name>
		<pose>Unspecified</pose>
		<truncated>0</truncated>
		<difficult>0</difficult>
		<bndbox>
			<xmin>37</xmin>
			<ymin>71</ymin>
			<xmax>240</xmax>
			<ymax>309</ymax>
		</bndbox>
	</object>
</annotation>
