<annotation>
	<folder>dev</folder>
	<filename>O_4166_region.jpg</filename>
	<path>D:\PyCharm\BERT_NER\data\images\twitter2017_region\dev\O_4166_region.jpg</path>
	<source>
		<database>Unknown</database>
	</source>
	<size>
		<width>600</width>
		<height>969</height>
		<depth>3</depth>
	</size>
	<segmented>0</segmented>
	<object>
		<name>Kelly Rowland</name>
		<pose>Unspecified</pose>
		<truncated>1</truncated>
		<difficult>0</difficult>
		<bndbox>
			<xmin>159</xmin>
			<ymin>13</ymin>
			<xmax>530</xmax>
			<ymax>969</ymax>
		</bndbox>
	</object>
</annotation>
