<annotation>
	<folder>4-split</folder>
	<filename>O_4372.jpg</filename>
	<path>C:\Users\lenovo\Documents\【001】准研\work\dataset\Twitter2017\split10\img_split_vinvl_10\4-split\O_4372.jpg</path>
	<source>
		<database>Unknown</database>
	</source>
	<size>
		<width>599</width>
		<height>323</height>
		<depth>3</depth>
	</size>
	<segmented>0</segmented>
	<object>
		<name>California</name>
		<pose>Unspecified</pose>
		<truncated>1</truncated>
		<difficult>0</difficult>
		<bndbox>
			<xmin>20</xmin>
			<ymin>35</ymin>
			<xmax>584</xmax>
			<ymax>323</ymax>
		</bndbox>
	</object>
</annotation>
