<annotation>
	<folder>4-split</folder>
	<filename>O_4417.jpg</filename>
	<path>C:\Users\lenovo\Documents\【001】准研\work\dataset\Twitter2017\split10\img_split_vinvl_10\4-split\O_4417.jpg</path>
	<source>
		<database>Unknown</database>
	</source>
	<size>
		<width>1200</width>
		<height>673</height>
		<depth>3</depth>
	</size>
	<segmented>0</segmented>
	<object>
		<name>SNSD</name>
		<pose>Unspecified</pose>
		<truncated>0</truncated>
		<difficult>0</difficult>
		<bndbox>
			<xmin>188</xmin>
			<ymin>209</ymin>
			<xmax>786</xmax>
			<ymax>477</ymax>
		</bndbox>
	</object>
</annotation>
