<annotation>
	<folder>1-split</folder>
	<filename>O_446.jpg</filename>
	<path>C:\Users\lenovo\Documents\【001】准研\work\dataset\Twitter2017\split10\img_split_vinvl_10\1-split\O_446.jpg</path>
	<source>
		<database>Unknown</database>
	</source>
	<size>
		<width>600</width>
		<height>403</height>
		<depth>3</depth>
	</size>
	<segmented>0</segmented>
	<object>
		<name>Kdot</name>
		<pose>Unspecified</pose>
		<truncated>0</truncated>
		<difficult>0</difficult>
		<bndbox>
			<xmin>109</xmin>
			<ymin>49</ymin>
			<xmax>226</xmax>
			<ymax>345</ymax>
		</bndbox>
	</object>
	<object>
		<name>Kendrick Lamar</name>
		<pose>Unspecified</pose>
		<truncated>0</truncated>
		<difficult>0</difficult>
		<bndbox>
			<xmin>109</xmin>
			<ymin>50</ymin>
			<xmax>228</xmax>
			<ymax>347</ymax>
		</bndbox>
	</object>
</annotation>
