<annotation>
	<folder>4-split</folder>
	<filename>O_4616.jpg</filename>
	<path>C:\Users\lenovo\Documents\【001】准研\work\dataset\Twitter2017\split10\img_split_vinvl_10\4-split\O_4616.jpg</path>
	<source>
		<database>Unknown</database>
	</source>
	<size>
		<width>814</width>
		<height>428</height>
		<depth>3</depth>
	</size>
	<segmented>0</segmented>
	<object>
		<name>CHRIS BROWN</name>
		<pose>Unspecified</pose>
		<truncated>1</truncated>
		<difficult>0</difficult>
		<bndbox>
			<xmin>11</xmin>
			<ymin>2</ymin>
			<xmax>612</xmax>
			<ymax>428</ymax>
		</bndbox>
	</object>
	<object>
		<name>WELCOME TO MY LIFE</name>
		<pose>Unspecified</pose>
		<truncated>1</truncated>
		<difficult>0</difficult>
		<bndbox>
			<xmin>1</xmin>
			<ymin>1</ymin>
			<xmax>814</xmax>
			<ymax>428</ymax>
		</bndbox>
	</object>
</annotation>
