<annotation>
	<folder>4-split</folder>
	<filename>O_4832.jpg</filename>
	<path>C:\Users\lenovo\Documents\【001】准研\work\dataset\Twitter2017\split10\img_split_vinvl_10\4-split\O_4832.jpg</path>
	<source>
		<database>Unknown</database>
	</source>
	<size>
		<width>500</width>
		<height>723</height>
		<depth>3</depth>
	</size>
	<segmented>0</segmented>
	<object>
		<name>Jennifer Lopez</name>
		<pose>Unspecified</pose>
		<truncated>0</truncated>
		<difficult>0</difficult>
		<bndbox>
			<xmin>29</xmin>
			<ymin>10</ymin>
			<xmax>435</xmax>
			<ymax>720</ymax>
		</bndbox>
	</object>
</annotation>
