<annotation>
	<folder>1-split</folder>
	<filename>O_491.jpg</filename>
	<path>C:\Users\lenovo\Documents\【001】准研\work\dataset\Twitter2017\split10\img_split_vinvl_10\1-split\O_491.jpg</path>
	<source>
		<database>Unknown</database>
	</source>
	<size>
		<width>484</width>
		<height>304</height>
		<depth>3</depth>
	</size>
	<segmented>0</segmented>
	<object>
		<name>Anne Hathaway</name>
		<pose>Unspecified</pose>
		<truncated>1</truncated>
		<difficult>0</difficult>
		<bndbox>
			<xmin>167</xmin>
			<ymin>8</ymin>
			<xmax>336</xmax>
			<ymax>304</ymax>
		</bndbox>
	</object>
	<object>
		<name>Andrea " Andy " Sachs</name>
		<pose>Unspecified</pose>
		<truncated>1</truncated>
		<difficult>0</difficult>
		<bndbox>
			<xmin>168</xmin>
			<ymin>7</ymin>
			<xmax>336</xmax>
			<ymax>304</ymax>
		</bndbox>
	</object>
</annotation>
