<annotation>
	<folder>1-split</folder>
	<filename>O_67.jpg</filename>
	<path>C:\Users\lenovo\Documents\【001】准研\work\dataset\twitter2017_split14\img_split\1-split\O_67.jpg</path>
	<source>
		<database>Unknown</database>
	</source>
	<size>
		<width>600</width>
		<height>901</height>
		<depth>3</depth>
	</size>
	<segmented>0</segmented>
	<object>
		<name>Zayn Malik</name>
		<pose>Unspecified</pose>
		<truncated>0</truncated>
		<difficult>0</difficult>
		<bndbox>
			<xmin>44</xmin>
			<ymin>48</ymin>
			<xmax>310</xmax>
			<ymax>864</ymax>
		</bndbox>
	</object>
</annotation>
