<annotation>
	<folder>1-split</folder>
	<filename>O_9.jpg</filename>
	<path>C:\Users\lenovo\Documents\【001】准研\work\dataset\twitter2017_split14\img_split\1-split\O_9.jpg</path>
	<source>
		<database>Unknown</database>
	</source>
	<size>
		<width>500</width>
		<height>662</height>
		<depth>3</depth>
	</size>
	<segmented>0</segmented>
	<object>
		<name>Jennifer Lawrence</name>
		<pose>Unspecified</pose>
		<truncated>0</truncated>
		<difficult>0</difficult>
		<bndbox>
			<xmin>29</xmin>
			<ymin>50</ymin>
			<xmax>223</xmax>
			<ymax>645</ymax>
		</bndbox>
	</object>
</annotation>
